resim,baslik,fiyat,link
https://ae01.alicdn.com/kf/S4193e5b7cd7f4c67b22d92dfe9d44d9dk.jpg,LDNIO Küp Güç Şeridi 65W Şarj İstasyonları 2M Elektrikli Uzatma Güç Kablosu İngiltere Abd AB Tak Adaptörü Usb Soket Dalgalanma Koruyucusu,"1.205,34TL",https://tr.aliexpress.com/item/1005008596899083.html
https://ae01.alicdn.com/kf/S51d3585bdf604fb0a60ac1353607ce02j.jpg,"15 in 1 USB-C yerleştirme istasyonu üçlü monitör ile 4K HD dikey Hub, RJ45 1000M,USB 3.0/2.0,PD 3.0,SD/TF, Mac Pro için ses 3.5","2.558,64TL",https://tr.aliexpress.com/item/1005006442875152.html
https://ae01.alicdn.com/kf/S6133dad8d47c45c3b1c311891126758fT.jpg,YATBEST erkek deri cüzdan para cebi ile AirTag konumlandırma kart klibi RFID Anti manyetik anti-hırsızlık kart kaydırma çantası,"530,35TL",https://tr.aliexpress.com/item/1005006690732288.html
https://ae01.alicdn.com/kf/S41c0972116a144a8b9cdd7b3d5772652R.png,Çoklu USB Tip C - C 60W Şarj Adaptörü Kablo Kiti USB C - Aydınlatma Dönüştürme Seti USB A ve Tip C - Mikro/Tip C/Aydınlatma,"50,04TL",https://tr.aliexpress.com/item/1005007353706199.html
https://ae01.alicdn.com/kf/Sbfab0e8db19940d09cecc10a1c1da15aK.jpg,"1 adet A4 Dosya Klasörleri, Belge Düzenleyici, Kapaklı Pano, İş ve Okul için A4 Kağıt Klasörü, Kırtasiye ve Ofis Kaynağı","310,77TL",https://tr.aliexpress.com/item/1005006770336983.html
https://ae01.alicdn.com/kf/Sc7de3f907da4414494fb725fe7fc5dbc1.jpg,PU Deri İnce Akıllı Cüzdan Erkekler için Para Kredi Kartı Klipsi Mini RFID Engelleme Deri Erkek Ince Cüzdan Kart Sahibinin,"362,57TL",https://tr.aliexpress.com/item/1005005863156898.html
https://ae01.alicdn.com/kf/S991c6b75c61b4c55a3b4db1a6231a596x.jpg,Lüks Hakiki Deri 2/3/6/12 Yuvaları dolma kalem Kutusu Çanta Kutusu Kalem saklama çantası Tutucu Ofis Okul Malzemeleri Kırtasiye,"801,94TL",https://tr.aliexpress.com/item/1005006161479116.html
https://ae01.alicdn.com/kf/S43b0c38f3b5f4c9a9e2b7fc25899a26bb.jpg,Basit Kalem Kutusu Okul Malzemeleri Kalem Kutuları Estuche Escolar Düz Renk Okul Kırtasiye Kalemlik Trousse Kalem Çantası,"42,38TL",https://tr.aliexpress.com/item/1005006353759049.html
https://ae01.alicdn.com/kf/S97d59925c326423a9d5069e17d8aeaf2E.jpg,20 in 1 çok fonksiyonlu dijital kamera kulaklık cep telefonu Laptop onarım istasyonu klavye temizleme aracı seti temizleme fırçası temiz kalem,"183,24TL",https://tr.aliexpress.com/item/1005007368839335.html
https://ae01.alicdn.com/kf/S32c8b1261ab04ab3b253d5dec63beccfU.jpg,Veri Kablosu Saklama Çantası Su Geçirmez Taşınabilir Taşıma Çantası Saklama Çantası Seyahat Organizatör Çantası Kablo Kablosu USB Şarj Cihazı,"248,67TL",https://tr.aliexpress.com/item/1005006797227273.html
https://ae01.alicdn.com/kf/S72458fd7743a4269b6d5794face82d09i.jpg,Büyük Boy Ofis Bilgisayar Masası Koruyucu Mat PU Deri Su Geçirmez Kaymaz Mouse Pad Masaüstü Klavye masa pedi Oyun Mousepad,"223,16TL",https://tr.aliexpress.com/item/1005008403141776.html
https://ae01.alicdn.com/kf/S4caec752b6244ea0b55497ea9ccd6a281.jpg,"Saatli 13'ü 1 arada AB Güç Kablosu - 4 AC Çıkışı, 3 USB-A ve 2 USB-C Bağlantı Noktası, 1,5 m/3 m Kablo, Aşırı Gerilim Koruması ve Anahtar","507,04TL",https://tr.aliexpress.com/item/1005009441849327.html
https://ae01.alicdn.com/kf/Sdc0c97201219431b840fdf927e794e89I.jpg,5 in 1 Klavye Temizleme Fırçası Seti Klavye Tuş Çektirme Kulakiçi Temizleyici Airpods için Pro 1 2 3 Bluetooth Kulaklık Kılıfı Temizleme Araçları,"212,42TL",https://tr.aliexpress.com/item/1005005791957310.html
https://ae01.alicdn.com/kf/S07727e34e1b9459a9469955f7f80a1bfw.jpg,AB Fişli Güç Şeridi Çıkışları USB Tip-C bağlantı noktası ile veya USB olmadan Duvar Şarj Cihazı Ev Ofis için iki özellik,"535,00TL",https://tr.aliexpress.com/item/1005009242086324.html
https://ae01.alicdn.com/kf/Saa6f658992de4879ad7df98138b30b453.jpg,Hagibis Klavye Bilek Dinlenme Pedi Ergonomik Yumuşak Bellek Köpük Desteği masaüstü saklama kutusu Ofis Ev için Kolay Yazma Ağrı kesici,"306,64TL",https://tr.aliexpress.com/item/1005007345368974.html
https://ae01.alicdn.com/kf/S4a809c8a4c4f49419f8e23a771880afaN.jpg,1000/100 adet naylon kablo bağları kendinden kilitlemeli kordon bağları sapanlar ayarlanabilir kablolar sabitleme döngüsü ev ofis tel Zip bağları toptan,"458,40TL",https://tr.aliexpress.com/item/1005007294796796.html
https://ae01.alicdn.com/kf/S601ce8c2ff234b28a5da98ce5e0fc05an.jpg,"10'u 1 arada AB Güç Şeridi - 4 AC Çıkışı, 3 USB ve 2 Tip-C Bağlantı Noktası, Aşırı Yük Koruması, Ev/Ofis için Çok Fonksiyonlu","764,58TL",https://tr.aliexpress.com/item/1005009441751287.html
https://ae01.alicdn.com/kf/Sf6badfce50f04e819f98ccb1496477509.jpg,EXCO Python Programlama Mouse Pad Büyük Kısayollar Hile Sayfası Klavye Mousepad Dikişli Kenar Kaymaz Taban sümen Mühendis için,"452,63TL",https://tr.aliexpress.com/item/1005007613613027.html
https://ae01.alicdn.com/kf/H4616f9a7e4aa416c9848ace4716a63d1A.jpg,USB 2.0 Hub USB Hub 2.0 Çoklu USB Splitter Hub Güç Adaptörünü Kullanın 4/7 Bağlantı Noktası Çoklu Genişletici 2.0 PC için Anahtarlı USB Hub,"258,61TL",https://tr.aliexpress.com/item/1005006064610517.html
https://ae01.alicdn.com/kf/S061ce772bcc4479eb841baccd05c82f6Z.jpg,Avustralya Güç Şeridi AU Çoklu Kapak Duvara Monte Bağımsız Anahtar Güç Soketi USB C Şarj Bağlantı Noktalı Ağ Filtresi Adaptörü,"522,65TL",https://tr.aliexpress.com/item/1005007695344793.html
https://ae01.alicdn.com/kf/Sb519f98e106d47f39493f30da43ea33fL.png,Kablosuz metal güç düğmesi Bilgisayar masaüstü güç anahtarı Paslanmaz çelik PC Oyunları ve Ofis aksesuarları desteği anakart USB,"817,99TL",https://tr.aliexpress.com/item/1005007088279107.html
https://ae01.alicdn.com/kf/S82a236fba389423d8cc193ead53652a5n.jpg,20/10/5 adet çıkarılabilir kablo düzenleyici bağları fare kulaklık tel yönetimi naylon kablo bağları yeniden kullanılabilir döngü çember bant sapanlar kravat,"169,57TL",https://tr.aliexpress.com/item/1005006943431670.html
https://ae01.alicdn.com/kf/Sc46f50ec47ae4f85aa24793aff5736c6d.jpg,Programlama makro özel 2 topuzu Bluetooth klavye RGB 12 anahtar kopya macun Mini düğme oyun tuş mekanik Hotswap Macropad,"961,27TL",https://tr.aliexpress.com/item/1005006437127027.html
https://ae01.alicdn.com/kf/S91610f67faf6466f9ea57abe0ea53e7bD.jpg,1/5M kablo düzenleyici kablo yönetimi tel sarıcı bant kulaklık fare kablosu yönetimi bağları koruyucu iPhone Xiaomi Samsung için,"163,61TL",https://tr.aliexpress.com/item/1005006199743740.html
https://ae01.alicdn.com/kf/Se6aa2b71a1844501a5e00a6a38257fc7H.jpg,"Mobil CPU standı, çelik PC kule standı CPU tutucu ile haddeleme sarhoş tekerlek, bilgisayar kulesi standı ev ofis için çoğu PC uyar","941,48TL",https://tr.aliexpress.com/item/1005007815954635.html
https://ae01.alicdn.com/kf/S2207e1dca11c4a7399c2c0bebeac2ac1O.jpg,Katlanabilir Ayakkabı Rafı Mühürlü ve Toz Geçirmez Şeffaf Görünür Kapı Ayakkabı Saklama Kutuları Yatak Odası Elbise Organizatör Uzay Tasarrufu,"554,07TL",https://tr.aliexpress.com/item/1005007428532400.html
https://ae01.alicdn.com/kf/Sa269349c8e2f4e538a4a0e9e6eba49dff.jpg,Mutfak Rotasyon Depolama Rafı Çok Katmanlı Meyve Sebze Organizatör Yuvarlak Bulaşık Sepeti Space Saver Raf 360° °   Dönen,"414,00TL",https://tr.aliexpress.com/item/1005008089639533.html
https://ae01.alicdn.com/kf/S9660654f179d44e09dfad8e79d91663cc.jpg,Masa Asılı Depolama Rafı Yerden Tasarruflu Geri Çekilebilir Kurulumu Kolay Masa Kablo Düzenleyici Ev için Kablo Yönetim Tepsisi,"236,33TL",https://tr.aliexpress.com/item/1005008472131331.html
https://ae01.alicdn.com/kf/S3e662f8d2e6c4dc0a8078bda2aee0035K.jpg,İskandinav basit ayakkabı değişen dışkı ışık lüks giriş All-in-One Modern dışkı fransız ayakkabı dolabı ayakkabı raf dışkı yeni 2024,"1.709,95TL",https://tr.aliexpress.com/item/1005006759422677.html
https://ae01.alicdn.com/kf/S229700c8a0704137be9eb518e1179c97c.jpg,Sıcak satış 4USB PC Monitör Standı Klavye Depolama Alanı Bar USB3.0 Hızlı Şarj Ile Alüminyum Dizüstü Monitör Standı,"2.421,25TL",https://tr.aliexpress.com/item/1005007017677161.html
https://ae01.alicdn.com/kf/S69c477ffa3514d018fa3bcadfc7b5f4aw.jpeg,"Flip ayakkabı dolabı aksesuarları, çevirmeli kova ayakkabı rafı, paslanmaz çelik kalınlaştırılmış ayakkabı dolabı aksesuarları, donanım gizli çevirmeli raf","824,19TL",https://tr.aliexpress.com/item/1005007580270737.html
https://ae01.alicdn.com/kf/Se8b5e0fe84e64e7e99ec1a1926c1adf8T.jpg,"1 adet Hafif Vernikli Metal Makyaj Saklama Rafı - Kurulum Yok, Vanity Tezgah için İdeal, Ruj ve Cilt Bakımı için","1.667,46TL",https://tr.aliexpress.com/item/1005008673163877.html
https://ae01.alicdn.com/kf/S6fbcacc5b68e4e62927bf7f3aed82fe9m.jpg,"Eary Bilgisayar Monitörü Standı Yükseltici 4.5-6.3 ""Yükseklik Ayarlanabilir Telefon Tutucu ile Bilgisayar Dizüstü Bilgisayar için 4 Bağlantı Noktalı USB 3.0 Tip-C","4.495,97TL",https://tr.aliexpress.com/item/1005009004695799.html
https://ae01.alicdn.com/kf/Scd7301ad080e4ca8a6035baedc8e768cA.jpg,Banyo için zemin ayakta depolama rafı yerden tasarruf sağlayan çok katlı banyo depolama rafları deliksiz çamaşır rafı artırır,"852,19TL",https://tr.aliexpress.com/item/1005008715668751.html
https://ae01.alicdn.com/kf/S48a8dbb39ba14a378c63de58476c579cr.jpg,"Lavabo Altı Düzenleyiciler ve Depolama Altı, Lavabo Altı Düzenleyici, Sürgülü Çekmeceli Dolap Düzenleyici Raf, Metal Sürgülü Çekmece","1.352,24TL",https://tr.aliexpress.com/item/1005009214459018.html
https://ae01.alicdn.com/kf/Sd19ac381360443a3947ccf1c97aa2ed4H.jpg,Matkapsız Duvara Monte Çok Fonksiyonlu Mutfak Depolama Rafı Ev Baharat Malzemeleri Depolama Organizatör Çubuklarını Bıçak Tutucu,"1.065,18TL",https://tr.aliexpress.com/item/1005009131905959.html
https://ae01.alicdn.com/kf/S957674854a784cd3aa3338f6d069fd9dI.jpg,1 Parça Ayakkabı Rafı Basit Kapı Ev Kapalı Güzel Görünümlü Ekonomik Depolama Çok Katmanlı Toz Geçirmez Ayakkabı Dolabı Yurt Depolama Rafı,"354,92TL",https://tr.aliexpress.com/item/1005008895926315.html
https://ae01.alicdn.com/kf/S260e99d874dd4fdf8dc1a11dfbfef045q.jpg,Mutfak Lavabo Dolabı Altında Çekilebilir Depolama Rafı Katmanlı Raf Depolama Çekme Sepeti Dolabı Son Derece Dar Çift Katmanlı Malzemeleri Çekmecesi,"1.845,66TL",https://tr.aliexpress.com/item/1005009347292925.html
https://ae01.alicdn.com/kf/S25db3c564bbc4f8e8145be823366f92eA.jpg,1 adet Laoyeboubi 2 Katmanlı Plastik Saklama Organizatör Pull-Out Çekmece Mutfak Banyo Yerden Tasarruf Sağlayan Dayanıklı Büyük Kapasiteli,"895,12TL",https://tr.aliexpress.com/item/1005008871441491.html
https://ae01.alicdn.com/kf/S0aea8442f45e4c1ca4bc0874de6fa19en.jpg,Mutfak düzenleyici raf duvara monte baharat depolama rafı mutfak bıçağı tutucu duvar baharat çubuk kaşık kürek depolama,"798,80TL",https://tr.aliexpress.com/item/1005006282518183.html
https://ae01.alicdn.com/kf/Sf6fa58ba16fb4613bd695d0f51759eeb5.jpg,"1 adet deliksiz banyo, mutfak, duvara monte depolama rafı, duvara monte tuvalet, lavabo, duvar malzemelerinin saklanması","338,60TL",https://tr.aliexpress.com/item/1005008154963056.html
https://ae01.alicdn.com/kf/S616eb36301ea4ce9991ae777e86eed2d9.jpg,Mutfak Çok Fonksiyonlu Dar Yan Dışarı Çekin Çok Raf Baharat Çeşni Organizatör Tezgah Düzenli Raflar Mutfak Aksesuarları,"5.432,61TL",https://tr.aliexpress.com/item/1005008307375900.html
https://ae01.alicdn.com/kf/S34e699e16e8d4e8da07a3cefb62912b3J.jpg,Çamaşır Sepeti Katlanabilir Kirli Giysiler Organizatör Banyo Su Geçirmez Depolama Sepeti Büyük Çamaşır Sepeti,"795,82TL",https://tr.aliexpress.com/item/1005008763428839.html
https://ae01.alicdn.com/kf/Sbb41d0d3732d49f18a129e6314ca3686W.jpg,Hareketli Mutfak Çöp Kovası Kapaklı Çift Katmanlı Dar Depolama Rafı Koku Önleyici Geri Dönüşüm Kutusu Çöp Sepeti,"1.478,93TL",https://tr.aliexpress.com/item/1005006295810339.html
https://ae01.alicdn.com/kf/S2d78e41118c940e3891da450be60bb3fy.jpg,Öğrenci Masası Depolama Raf Masaüstü Çok katmanlı Basit Kitaplık Demir Ev Mobilyaları için çok fonksiyonlu Kitaplıklar,"1.472,34TL",https://tr.aliexpress.com/item/1005007294841455.html
https://ae01.alicdn.com/kf/S6769c036bbc64f5ca9b5def07a4b28f1S.jpeg,3 Katmanlı Çok Fonksiyonlu Masa Yan Depolama Rafı Çalışma Alanınızı Organize Edin Zahmetsizce Ayarlanabilir Masaüstü Genişletme Standı Bardak Tutucu,"706,84TL",https://tr.aliexpress.com/item/1005008575161716.html
https://ae01.alicdn.com/kf/S531a2b0bec3a4e8caec3d648defcfa4en.jpeg,Modern Katlanabilir Çamaşır Sepeti Yüksek kapasiteli Taşınabilir Kirli Giysiler Organizatör Ev Banyo için Dayanıklı Çamaşır Sepeti,"636,74TL",https://tr.aliexpress.com/item/1005008656835576.html
https://ae01.alicdn.com/kf/S2af68fc602fd4bbab1dde1febcab3724y.jpg,Mutfak Rafları Bulaşık Depolama Organizatör Raf Tezgah Drenaj Raf Çubuk Bıçak Tutucu Çok Fonksiyonlu Aksesuarlar Organizasyonu,"2.527,70TL",https://tr.aliexpress.com/item/1005008568249246.html
https://ae01.alicdn.com/kf/S0711290332f24ac19c11a07eda8de0b04.png,Depolama rafı Mutfak depolama rafı Küçük ev bulaşıkları drenaj rafı Çok fonksiyonlu kase ve çubuk saklama kutusu,"618,47TL",https://tr.aliexpress.com/item/1005009252422167.html
https://ae01.alicdn.com/kf/S46a1297e790b4985853c33bf365ecfcd0.jpg,Izgara ile kitaplık masası depolama raf masaüstü çok katmanlı ferforje raf öğrenci bilgisayar masası masa delik kurulu,"868,11TL",https://tr.aliexpress.com/item/1005006538042529.html
https://ae01.alicdn.com/kf/S0ffd42b19d45481981b443003b3dff74L.jpg,Genişletilebilir Lavabo Üstü Bulaşık Kurutma Rafı Büyük Ayarlanabilir Bulaşık Damlalıklı Mutfak Tezgahı için Geçmeli Tasarım Çok Yönlü Bulaşık,"172,53TL",https://tr.aliexpress.com/item/1005007696531788.html
https://ae01.alicdn.com/kf/S1ffd348387f9420e99d3942389f96f34O.jpg,Mutfak Sebze Sepeti Arabası Çok Fonksiyonlu Depolama Rafı Hareketli tekerlekli araba Meyve Mikrodalga Fırın mutfak düzenleyici,"573,69TL",https://tr.aliexpress.com/item/1005007182569387.html
https://ae01.alicdn.com/kf/S31e69cdc9d44427ab92c020938d10f960.jpg,Teleskopik Masa Altında Depolama Rafı Metal Kablo Yönetim Tepsisi Ev Ofis Masası Tel Organizatör Hiçbir Delme Depolama Aksesuarları,"1.161,61TL",https://tr.aliexpress.com/item/1005008796793691.html
https://ae01.alicdn.com/kf/S184a3c6bd0094451ad06d729a0306c0ca.jpg,"Deliksiz Banyo, Yerleşimi Kolay Tabure, Vücudu Temizleme Aletleri ve Ayak Masajı için Banyo Aksesuarları","179,03TL",https://tr.aliexpress.com/item/1005009096014991.html
https://ae01.alicdn.com/kf/S329d45edf92e4fa1ac9274b51e66b805x.jpg,Masaüstü Çok Katmanlı Kitaplık Ofis Masası Depolama Öğrenci Yurdu Masa Üstü Organizatör Takı Aksesuarları Ekran Standı,"926,90TL",https://tr.aliexpress.com/item/1005009167240947.html
https://ae01.alicdn.com/kf/Sc671cbb7664c4868962c18c1539832b1x.jpg,"Mutfak rafı, ev tipi sebze tahtası depolama rafı, tezgah drenajı, çubuk tutucu, kesme tahtası, entegre bıçak tutucusu","1.347,80TL",https://tr.aliexpress.com/item/1005008570235157.html
https://ae01.alicdn.com/kf/S6d09d852ffbf49ebbcb37c2b01d8ed23w.jpg,Kapaklı Mutfak Çöp Kutusu 2 Katmanlı Kuru Islak Sınıflandırma Pres Tipi Büyük Kapasiteli Çöp Kutusu Ev Gereçleri Çöp,"542,01TL",https://tr.aliexpress.com/item/1005008105086222.html
https://ae01.alicdn.com/kf/Sd619c3fce2824b8f86ae84c68ec44298N.jpg,Alüminyum Alaşımlı Banyo Rafları Yumruksuz Kalınlaşmış Tripod Duvara monte Köşe Raf Banyo Aksesuarları Duş Organizatör,"283,09TL",https://tr.aliexpress.com/item/1005006843867212.html
https://ae01.alicdn.com/kf/Seb99f3afa37c4c8c8af94dca2ac03644z.jpg,"8 Katmanlı Görev Saksı Rafı Organizatör Dayanıklı Metal, Tencere, Tavalar ve kapaklar için Yerden Tasarruf Sağlayan Dolap Tutucu - Mutfağınızı Temiz ve Düzenli Tutun","782,45TL",https://tr.aliexpress.com/item/1005007805536705.html
https://ae01.alicdn.com/kf/Sf9fa637af5dd449ba8903bab17dda813t.jpg,El elektrikli alet düzenleyici raf duvara monte yüzen takım dolabı elektrikli matkap tutucu ağır hizmet tipi atölye garaj alet rafı,"799,93TL",https://tr.aliexpress.com/item/1005008019370760.html
https://ae01.alicdn.com/kf/Scf5b807aceb34bc2ba2101edac2b4909U.jpg,Moda raf çok katmanlı şeffaf banyo raf lavabo depolama arabası kolay hareket köşe yerden tasarruf tuvalet raf,"1.042,13TL",https://tr.aliexpress.com/item/1005008554699327.html
https://ae01.alicdn.com/kf/S206997efc8c948aba8118dc11b664191R.jpg,71 in 1 hassas elektrikli tornavida seti akülü 48 manyetik bit Phillips LED5Torque 0.52N cımbız PC telefon kılıfı tamir kiti,"2.165,61TL",https://tr.aliexpress.com/item/1005007594731686.html
https://ae01.alicdn.com/kf/Se0034b1f06f344e7b3e4a38b67e46ce9l.jpg,Yapışkanlı Tuvalet Kağıdı Tutucu Paslanmaz Çelik Duvara Montaj Mutfak Rulo Havlu Askısı Peçete Dispenseri Emici Standı Doku Askısı,"42,38TL",https://tr.aliexpress.com/item/1005006134821407.html
https://ae01.alicdn.com/kf/S00dc206e55244fa89938123e224f17e0e.jpg,YENI Tek Şişe Cam Kavanoz ve Baharat Kavanoz Seti Raf Cam Baharat Şeker Biber Şişeleri Tuzluklar Tutucu Mutfak Depolama Rafı,"258,74TL",https://tr.aliexpress.com/item/1005007780787093.html
https://ae01.alicdn.com/kf/S69f4a93f585244f1a6553f6f5a2cb04dt.jpg,Çoklu Katmanlar Ayakkabı Organizatör Ayakkabı Raf Organizatör Yerden Tasarruf Raf Duvar Köşe Istiflenebilir Raf Ayarlanabilir Tasarruf Dolabı,"304,22TL",https://tr.aliexpress.com/item/1005009110654855.html
https://ae01.alicdn.com/kf/S646dfd446aaa47af99c0df3323cc0d842.jpg,Vantuzunu Delmeye Gerek Yok Emme paspası duvar asılı klip Banyo deliksiz paspas klipsi süpürge paspas kancası sabit depolama,"146,96TL",https://tr.aliexpress.com/item/1005008810008388.html
https://ae01.alicdn.com/kf/Sfc9f9f7a74024ffcb751eaf1faafe080b.jpg,Deli yeni araç seti ev serisi ev tornavida bant anahtarı yardımcısı bant sanat bıçak hammadde kemer aracı koleksiyonu,"560,03TL",https://tr.aliexpress.com/item/1005004543680335.html
https://ae01.alicdn.com/kf/Seef02247e53c47259d140d56c73a2b74M.png,"304 paslanmaz çelik mutfak lavabosu drenaj rafı, lavabo kasesi ve bulaşık depolama rafı, katlanabilir ve geri çekilebilir drenaj sepeti","908,23TL",https://tr.aliexpress.com/item/1005008563158446.html
https://ae01.alicdn.com/kf/Sa70980c986724d1a9f1d27596ff6f3f0g.jpg,"Duvara monte mutfak baharat rafı deliksiz saklama seti, mühürlü kaplar ve distribütörlerle, ev kullanımı için uygun","1.236,54TL",https://tr.aliexpress.com/item/1005008186667000.html
https://ae01.alicdn.com/kf/Sf3353a83b48a4cafb8f7e1e79838c502X.jpg,Yüksek Kaliteli Evrensel Araba 5 V bluetooth Modülü Adaptörü Stereo Kablo AUX-IN 3.5 MM Jack Kablosuz Radyo Adaptörü Aux USB,"242,23TL",https://tr.aliexpress.com/item/1005008048408428.html
https://ae01.alicdn.com/kf/S47be4fa13ec6431eb01119ba1d7a4e13W.jpg,"Mutfak Tabakları için Ayarlanabilir Bulaşık Kurutma Rafı ve Drenaj Tahtası Düzenleyici, Lavabo Üstü Tezgah, Drenaj Raflı Çatal Bıçak Takımı Saklama Alanı","522,36TL",https://tr.aliexpress.com/item/1005009198979489.html
https://ae01.alicdn.com/kf/S5d93e589e88d4c1a9428bcb2b39f33beu.jpg,Xiaomi 3/5M ölçüm bandı kalınlaşmış yüksek hassasiyetli çelik mezura çok fonksiyonlu MIni ağaç İşleme taşınabilir ölçüm araçları,"328,14TL",https://tr.aliexpress.com/item/1005006924241812.html
https://ae01.alicdn.com/kf/S63064a1448fe496faacc5ccabfa45e82r.jpg,Emme Kancaları Güçlü Vakum Gücü Traceless Sondajsız Yapışkan Kancalar Ev Banyo Mutfak Kapı Arka ve Tuvalet Alanı için,"92,14TL",https://tr.aliexpress.com/item/1005008466320251.html
https://ae01.alicdn.com/kf/S59b7d7ff03da48338aade5f3272cff54D.jpg,Banyo Rafı Hiçbir Matkap Duvara Monte Şampuan Şişesi Duş Köşe Raf Tuvalet Depolama Rafı Alüminyum Banyo Mutfak Aksesuarları,"72,41TL",https://tr.aliexpress.com/item/1005007486256293.html
https://ae01.alicdn.com/kf/Se700bd1a03f14b929668242f3fb270abc.jpg,Xiaomi Yüksek Basınçlı Duş Başlığı 3 Mod Ayarlanabilir Duş Başlığı Seti Akıllı Banyo Yeni Ayarlanabilir Duş Başlığı Aksesuarları Püskürtücü,"117,84TL",https://tr.aliexpress.com/item/1005007917439035.html
https://ae01.alicdn.com/kf/S80ea61cca92047dba1aaaaf07aae6b07W.jpg,1 adet yeni ultra-ince Mini yumuşak PU deri kredi kartı cüzdanı tutucu kısa dikey yüksek kaliteli erkek cüzdan,"42,38TL",https://tr.aliexpress.com/item/1005008248182129.html
https://ae01.alicdn.com/kf/A9afeac6b71724692aee9206458cf2047v.jpg,"7'si 1 arada AB Güç Şeridi, Güç Şeridi Aşırı Gerilim Koruyucu 3 AC Çıkışı 3 USB 1 Tip-C, Aşırı Yük Korumalı Masaüstü Şarj İstasyonu","233,26TL",https://tr.aliexpress.com/item/1005007038268911.html
https://ae01.alicdn.com/kf/S76c7330311ce4eb688fdffabd8ef01cbw.jpg,Suni Deri İnce Akıllı Cüzdan Erkekler için Kredi Kartı Tutucu Para Klip RFID Engelleme Erkekler Ince Bifold Cüzdan Cüzdan Para Çantası,"346,48TL",https://tr.aliexpress.com/item/1005007122992352.html
https://ae01.alicdn.com/kf/S89512dfc6c894bceac92013a1cf430878.jpg,7/16/18 adet manikür seti paslanmaz çelik profesyonel pedikür seti tırnak bakım seti makası seti siyah PU deri çanta,"78,83TL",https://tr.aliexpress.com/item/1005008222984196.html
https://ae01.alicdn.com/kf/Sc6874d80076445c89796ef06ee581309T.jpg,2025 Yeni 15L Akıllı Çöp Kutusu Otomatik Fotoselli Akıllı Sensör Algılama Çöp Kutusu Su Geçirmez Banyo Mutfak Yatak Odası Çöp Kutusu.,"324,16TL",https://tr.aliexpress.com/item/1005008958204601.html
https://ae01.alicdn.com/kf/S0369f96a70c14d2dba194ad1b833ac9f3.jpg,AB Fiş Çıkışı 5 Soketli Elektrik Soketi Uzatma Kablosu Yok USB Tip-C Bağlantı Noktaları İki özellik,"590,96TL",https://tr.aliexpress.com/item/1005007603871573.html
https://ae01.alicdn.com/kf/S78d2d6e75bea4bb4829a685809c1069cZ.jpg,Tuvalet püskürtme tabancası seti banyo temizliği için iki mod kadınsı temizleme bide paslanmaz çelik el püskürtme tabancası aksesuarları,"351,19TL",https://tr.aliexpress.com/item/1005006296518372.html
https://ae01.alicdn.com/kf/S52c490dc0f194f698ba1891f1650a97cR.jpg,Joyroom Manyetik Kablo Klipsi Kablo Pürüzsüz Ayarlanabilir Kablo Tutucu Masa Altında Kablo Yönetimi Tel Kaleci kablo düzenleyici Tutucu,"152,20TL",https://tr.aliexpress.com/item/1005006149116341.html
https://ae01.alicdn.com/kf/S5d1330256df3444aba048e9468a9a919D.jpg,"Mutfak ve banyo için çok fonksiyonlu elektrikli temizleme fırçası-yemekler, tencere ve tavalar için kablosuz el güç yıkayıcı","466,81TL",https://tr.aliexpress.com/item/1005005844943452.html
https://ae01.alicdn.com/kf/S04399cd25d074b41b0442f8dc204a89cC.jpg,BSEED Tek Tip-C USB Soket Çift Duvar Elektrik Prizleri Üçlü Güç Çıkışları Kristal Cam Çerçeve AB Standardı 16A,"544,58TL",https://tr.aliexpress.com/item/1005005848259199.html
https://ae01.alicdn.com/kf/Sed62b40c284b42b997f4c69e51a5ad96X.jpg,Çok fonksiyonlu döner lavabo lavabo musluk banyo ile püskürtme tabancası ev mutfak musluk,"833,66TL",https://tr.aliexpress.com/item/1005006085983861.html
https://ae01.alicdn.com/kf/S365a18d6dc3441bda011b1cbe036e806P.jpg,Siyah çekin mutfak lavabo musluğu esnek 2 modları akışı ve püskürtme memesi musluklar paslanmaz çelik sıcak soğuk Wate musluk bataryası güverte,"1.553,26TL",https://tr.aliexpress.com/item/1005006038552279.html
https://ae01.alicdn.com/kf/S6b323f35037b4c518be44b54c3cfcb5a2.jpg,Tuvalet kızarma tabancası musluk yıkama tuvalet kızarma tabancası arkadaşı ev yüksek basınçlı güçlendirici memesi bide tuvalet püskürtücü kafa,"225,30TL",https://tr.aliexpress.com/item/1005005956786032.html
https://ae01.alicdn.com/kf/S91bb9e1a38b44146921594d0cea0b89cm.jpg,Mutfak aşağı çekin bahar lavabo musluğu 360 rotasyon sıcak soğuk musluk bataryası,"1.893,35TL",https://tr.aliexpress.com/item/1005006487015438.html
https://ae01.alicdn.com/kf/Sb28884747bca490aa0ea35d512a1e868X.jpg,Şelale mutfak musluk paslanmaz çelik 360 ° dönen şelale akış sprey başlığı sıcak ve soğuk su lavabo bataryası mutfak musluk,"3.022,53TL",https://tr.aliexpress.com/item/1005006173900398.html
https://ae01.alicdn.com/kf/Sfbd75b747ee34114a67d9ca3f66873246.jpg,Paslanmaz çelik Musluk Genişletici 1080° ° Döner Su Musluk Memesi Musluk Püskürtücü Evrensel Banyo Mikser Havalandırıcı 2 Püskürtme Modu,"403,72TL",https://tr.aliexpress.com/item/1005006354165711.html
https://ae01.alicdn.com/kf/S6bf47c9c227d4ff98b8a92ed1585bfe3b.jpg,Çekme mutfak musluk soğuk ve sıcak su çift amaçlı sıçrama geçirmez musluk hızlı ısıtma ev lavabo musluk,"1.519,34TL",https://tr.aliexpress.com/item/1005005059669736.html
https://ae01.alicdn.com/kf/Sd4d9ef28a71c4060ad5ea345a7fe315fZ.jpg,Banyo Duş Tam Set Siyah Beyaz Gri Küvet Duş Sistemi Yağmur Basınçlı Dijital LED Duş Setleri Sıcak Soğuk Duş Musluk,"4.841,28TL",https://tr.aliexpress.com/item/1005005740900836.html
https://ae01.alicdn.com/kf/S91717b479eb0452786b8e905b6366bcdc.jpg,Rozin Esnek Gurme Mutfak Musluk Siyah Dışarı Çekin 2 Yollu Nozul Musluklar 360 °   Rotasyon Sıcak Soğuk Su Lavabo Mikser Dokunun SUS304,"1.369,16TL",https://tr.aliexpress.com/item/1005004918307374.html
https://ae01.alicdn.com/kf/S8f52985359f04d6d959149863e3b5afeq.jpg,Rozin Tabancası Gri Filtre Su Mutfak Musluk Siyah Aşağı Çekin 2'si 1 Arada Püskürtücü Pirinç İçme Musluğu 360 Döner Arıtma Mikser Musluklar,"2.545,22TL",https://tr.aliexpress.com/item/1005004505431720.html
https://ae01.alicdn.com/kf/S9a52acb4b9df421daa87385c0c0167b8U.jpg,304 Paslanmaz Çelik Mutfak Musluk Uzatılabilir Hortumlu Lavabo için Aşağı Çekilebilir Püskürtücü Çizilmeye Dayanıklı Lavabo Bataryası,"566,84TL",https://tr.aliexpress.com/item/1005005426085107.html
https://ae01.alicdn.com/kf/S5d5a32c4a985412cbb3ecad1f9d64f740.jpg,Dijital ekran LED havza musluk 360 rotasyon çok fonksiyonlu akışı püskürtücü sıcak soğuk su lavabo bataryası banyo için yıkama dokunun,"1.111,90TL",https://tr.aliexpress.com/item/1005006627255145.html
https://ae01.alicdn.com/kf/S6642726a5a2a411c9829cf6f24d9e8e3T.jpg,Gri Piyano Dijital Duş Seti Akıllı Pirinç Banyo Muslukları Sıcak Soğuk Şelale Musluk Yağış Gri Duş Sistemi chuveiro,"3.554,33TL",https://tr.aliexpress.com/item/1005004671783599.html
https://ae01.alicdn.com/kf/Saac2daa0588849d9b59000cb9e071ecd6.jpg,. Siyah Kaplama Yeni Duvara Monte duş musluğu banyo küveti El Duş musluğu Mikser Musluk YT-5339-H,"1.341,75TL",https://tr.aliexpress.com/item/1005002598906020.html
https://ae01.alicdn.com/kf/S209573b575dd44edb7bec5fe29c972b69.jpg,Mat siyah aşağı çekin mutfak musluk krom çift modları memesi sıcak soğuk su mikser vinç dokunun pirinç bahar mutfak lavabo bataryaları,"2.020,07TL",https://tr.aliexpress.com/item/1005005957406088.html
https://ae01.alicdn.com/kf/Sb742b1814ace495899b76c68498b7cb7I.jpg,Siyah mutfak musluk aşağı çekin püskürtücü ile mat siyah mutfak lavabo musluğu paslanmaz çelik tek kolu Modern mutfak musluklar,"625,50TL",https://tr.aliexpress.com/item/1005004752207209.html
https://ae01.alicdn.com/kf/Sca695f2fe61048839bd8b7b866e53415e.jpg,Banyo duş bataryası seti 4 fonksiyonları dijital ekran duş termostat sıcak soğuk duşlar mikser basınç deşarj bakır musluklar,"7.629,76TL",https://tr.aliexpress.com/item/1005006494919281.html
https://ae01.alicdn.com/kf/S2da0a533c777465eb347e50f81c0cc1eh.jpg,Ev tuvalet kızarma tabancası musluk yıkama tuvalet kızarma tabancası bide tuvalet püskürtücü kafa arkadaşı yüksek basınçlı bide,"237,94TL",https://tr.aliexpress.com/item/1005005956649864.html
https://ae01.alicdn.com/kf/S1087489ce9f7417aad622cbfb3896ceda.jpg,Mutfak lavabo musluğu siyah güverte üstü esnek çekin musluk bataryası sıcak soğuk mutfak musluk bahar emzik krom gümüş musluk,"1.882,48TL",https://tr.aliexpress.com/item/1005003213521988.html
https://ae01.alicdn.com/kf/S38dc38c06be84b30bfb1d2bb8962ddf0n.jpg,1080 derece havza musluk mutfak lavabo musluğu banyo musluk mikser havalandırıcı 2 In 1 siyah dokunun isıtmalı musluk gurme mikser Tapware,"1.697,53TL",https://tr.aliexpress.com/item/1005003184687166.html
https://ae01.alicdn.com/kf/S868e0b39d5e54284996986071f94162dJ.jpg,Yeni Taşınabilir Gaz Kaçak Dedektörü Doğal Gaz Dedektörü Sesli ve Görsel Alarmlı Yanıcı Gaz Dedektörü Gaz Algılayıcı Testi,"361,25TL",https://tr.aliexpress.com/item/1005006289063148.html
https://ae01.alicdn.com/kf/S507d6fe360fa4742936549d35548714dM.jpg,Ev yüksek buharlı temizleyici cihaz 2800W sıcaklık mutfak kaput araba temizleme makinesi Acidproof sterilizasyon 110V/220V,"2.923,69TL",https://tr.aliexpress.com/item/1005005297453371.html
https://ae01.alicdn.com/kf/Sb5807e5a4bff41f0a09d17f1c6aefdb4d.jpg,Çok Fonksiyonlu Elektrikli Temizleme Fırçası 8'i 1 arada Ev Temizleme Fırçası Banyo Temizleme Tuvalet Temizleme LED Gece Lambası,"1.798,14TL",https://tr.aliexpress.com/item/1005005549029297.html
https://ae01.alicdn.com/kf/Hcd57224895af40459de88433298a0c8ce.jpg,Yüksek sıcaklık yüksek basınçlı mobil temizleme makinesi buharlı temizleyici otomatik pompalama sterilizasyon dezenfektör aksesuarı,"1.324,63TL",https://tr.aliexpress.com/item/1005002438145794.html
https://ae01.alicdn.com/kf/S41afcd5740bd481d9d4d731b0500fabco.jpg,Dreame için M13 / H13 / M12 Pro HEPA filtre yumuşak ana fırça el akülü elektrikli süpürge yedek parça değiştirme aksesuarları,"636,62TL",https://tr.aliexpress.com/item/1005006343530908.html
https://ae01.alicdn.com/kf/S31bcac6bf9474e18bf287219c109f070n.jpg,110/220V ticari ev 1500W buharlı temizleyici klima mutfak kaput araba buharda temizleyici alkali temizleme ile kullanılan,"5.119,07TL",https://tr.aliexpress.com/item/1005006186442509.html
https://ae01.alicdn.com/kf/S05350934d8754376b60cbb864f4ce542l.jpg,2500W 220V/110V yüksek basınç yüksek sıcaklık ev buharlı el temizleyici klima mutfak araba buharlı,"2.492,48TL",https://tr.aliexpress.com/item/1005005120712706.html
https://ae01.alicdn.com/kf/S36f4baf504a14009945891c8b1b416c7R.jpg,Yeniden kullanılabilir zımpara sihirli sünger-mutfak Pot kollu fırça kolay temizlik ve dekontaminasyon için-yıkanabilir ve silgi temizleme,"204,50TL",https://tr.aliexpress.com/item/1005006455168154.html
https://ae01.alicdn.com/kf/S5f9b6c32e9ff48649d3434d57ecf06bfm.jpg,Kazıyıcı temizleyici akvaryum camı yosun kazıyıcı bıçak temizleyici balık tankı jilet Coralline kalsifiye temizleme cam zeminler,"76,21TL",https://tr.aliexpress.com/item/1005002371926643.html
https://ae01.alicdn.com/kf/S4fd86ae47beb4f8ab3a5152566def0763.jpg,Silikon tuvalet fırçası ve tutucu duvara monte banyo hızlı kurutma verimli profesyonel derin temizlik için,"267,26TL",https://tr.aliexpress.com/item/1005004980869530.html
https://ae01.alicdn.com/kf/S24dddd55d98549aeace8a44d73848a0dF.jpg,"4 parça boşluk temizleme fırçası, temizlik için küçük sert fırça, boşluk temizleme aracı çok fonksiyonlu fırça, mutfak kör uygula","42,38TL",https://tr.aliexpress.com/item/1005006239704262.html
https://ae01.alicdn.com/kf/S37d12053ba604a4d9367a4c30326b6b3C.png,Çok İşlevli akülü elektrikli süpürge zemin bakımı el şarj edilebilir elektrikli süpürge 3 In 1 için ev araba el vakum,"1.313,06TL",https://tr.aliexpress.com/item/1005006145601151.html
https://ae01.alicdn.com/kf/S21a354e15da5421b9db2f202a2f68139y.jpg,5M Telli Islak ve Kuru Elektrikli Süpürge Paspas Makinesi,"2.012,50TL",https://tr.aliexpress.com/item/1005006479284727.html
https://ae01.alicdn.com/kf/S31a4b8b438f84e92bed6cf5385a2cf4f5.jpg,Temizlik için sprey temizleme kiti klavye kulaklık kiti ile çok fonksiyonlu elektronik 20 1 temizleyici kiti,"361,67TL",https://tr.aliexpress.com/item/1005006325515120.html
https://ae01.alicdn.com/kf/Saafdeb28507a4d1bb2a3545639d3425eO.jpg,12 adet elektrikli matkap fırça kafası temizleme ev evrensel araçları zemini parlatma mutfak banyo araba yıkama kireç sökücü seti,"637,15TL",https://tr.aliexpress.com/item/1005006487097037.html
https://ae01.alicdn.com/kf/S02da8e3ceb244c9db80d045b44b44d94R.jpg,6 adet elektrikli matkap fırça kafası temizleme ev evrensel araçları zemini parlatma mutfak banyo araba yıkama kireç sökücü seti,"620,58TL",https://tr.aliexpress.com/item/1005006404256753.html
https://ae01.alicdn.com/kf/S183df564e91a467bab2b02583327614cP.jpg,Elektrikli zemin Mops islak kuru çift kullanımlı otomatik paspas temiz tozlama paspas süpürme entegre makine kablosuz elektrikli zemin Mops,"1.841,19TL",https://tr.aliexpress.com/item/1005006532554355.html
https://ae01.alicdn.com/kf/S210407fc9ab748a3a600e1f89f62f3d5X.jpg,Kablosuz Elektrikli Döner Paspas Temizleme Makinesi Otomatik 2'si 1 Arada Islak ve Kuru Ev Temizleyici Araba Cam Tavan Kapı Pencere Zemin Temizleyici,"1.119,85TL",https://tr.aliexpress.com/item/1005006628885572.html
https://ae01.alicdn.com/kf/S7adad1e42527453a8d4c8b92312c2f5dk.jpg,Bseed Dimmer Serisi AB Standardı Kısılabilir Dokunmatik Anahtarlar Cam Panel 5 V 2.1A USB Telefon Şarj AB Soketleri LED Dimmer Duvar Anahtarları,"595,96TL",https://tr.aliexpress.com/item/1005005904864795.html
https://ae01.alicdn.com/kf/S47ea1f2c288d49c69a365bf16971ecb1X.jpg,TESSAN Kulesi Güç Şeridi Çoklu Çıkışlar 2 USB + 1 Tip C 2 M Uzatma Kablosu AB Tak Dikey Elektrik Soketi Aşırı Gerilim Koruması,"1.331,47TL",https://tr.aliexpress.com/item/1005006602953731.html
https://ae01.alicdn.com/kf/S45e31d3267d34a0989ac88de29110a49F.jpg,Duvara monte katlanabilir alüminyum alaşımlı giysi kurutma raf balkon yatak odası mutfak oturma odası için mükemmel,"1.266,20TL",https://tr.aliexpress.com/item/1005005972280877.html
https://ae01.alicdn.com/kf/S3883290819204de4a6c1cef99744e59d9.jpg,Omuz Tarzı Elektrikli Püskürtücü 5L sulama kovası püskürtme tabancası Otomatik Bahçe Tesisi Mister USB Şarj Edilebilir Sulama Aracı,"1.340,65TL",https://tr.aliexpress.com/item/1005006306119267.html
https://ae01.alicdn.com/kf/Sf992b84520d4440ab5c09dc1c717c3ddH.jpg,LENCENT AB Tak Güç Şeridi Küpü 4 AC Çıkışı ile 3 USB Bağlantı Noktası 1 Tip C 3 M Örgülü Kablo Çoklu Soket Anahtarı ile Ev için,"988,33TL",https://tr.aliexpress.com/item/1005006133250343.html
https://ae01.alicdn.com/kf/S510504ab12a1409784f34a50a4ca40990.jpg,ASOMETECH 33W GaN şarj PPS PD USB C şarj duvar soket ile 4000W AC çıkışları güç şeridi hızlı şarj için iPhone 14 Samsung,"627,32TL",https://tr.aliexpress.com/item/1005006017972461.html
https://ae01.alicdn.com/kf/S354d66dddac74696a9bfbc92fcac1433L.jpg,4 adet gaz sobası koruyucu ocak kapağı astar temizleme pedi mutfak tencere aksesuarları adet yeniden kullanılabilir kazan davlumbaz koruyucu,"213,26TL",https://tr.aliexpress.com/item/1005005891471649.html
https://ae01.alicdn.com/kf/Sc070400c88304e4181ecc4c10ce5b29fI.jpg,Duvara Montaj sabit raf WiFi Yönlendirici Depolama Çıkarılabilir Gizli Braket TV Set Üstü Kutusu Asılı Tutucu Hiçbir Matkap Kanca Organizatör,"183,68TL",https://tr.aliexpress.com/item/1005005155396288.html
https://ae01.alicdn.com/kf/Scbd94509c66f4e8b88b7c8d58932114eS.jpg,ASOMETECH 40W USB duvar şarj 4 Port ile LED ekran QC3.0 PD3.0 USB hızlı şarj iPhone 14 için Huawei Xiaomi Samsung,"533,01TL",https://tr.aliexpress.com/item/1005004854118220.html
https://ae01.alicdn.com/kf/Sf51afe594dbe419e8318996f4dc6034cC.jpg,Masa çıkışı gizli siyah gümüş masaüstü soket 220V Metal paneli yavaş Pop-Up toplantı odası ofis mutfak için ab USB tip-c,"1.077,80TL",https://tr.aliexpress.com/item/1005006054711396.html
https://ae01.alicdn.com/kf/S03ede1ef338541908f4a7079d5fe21f6K.jpg,"3 AC çıkışları ve 3 USB portları ile TESSAN USB güç şeridi, ab tak ev ofis için çoklu duvar soket adaptörü aşırı yük koruması","637,69TL",https://tr.aliexpress.com/item/1005006523501633.html
https://ae01.alicdn.com/kf/Sa8f87917318e4bf38f3fea28a7b254440.jpg,"TESSAN AB Fiş Güç Şeridi, 3 AC Çıkışı +2 USB Bağlantı Noktası + 1 Tip C, Ev Ofis için 6'sı 1 arada Priz Adaptörü Duvar Şarj Cihazı","654,26TL",https://tr.aliexpress.com/item/1005006508898227.html
https://ae01.alicdn.com/kf/S44917058f8984b459bc0e4d3c83f80d2d.jpg,12 yollu çıkışları dikey priz 220V 10A ab tak çok güç şeridi ile 2.8m uzatma kablosu 4 USB aşırı yük koruyucu anahtarı,"895,53TL",https://tr.aliexpress.com/item/1005006056356790.html
https://ae01.alicdn.com/kf/S8a28eba6b0ad4330a649ef72482add86E.jpg,Feiyu Üç Seviyeli Şelale Evrensel Musluk Uzatma Cihazı Sebze Yıkama Sıçramaya Dayanıklı Cihaz Dönebilen Evrensel Ortak Kutu,"153,16TL",https://tr.aliexpress.com/item/1005006383438935.html
https://ae01.alicdn.com/kf/Se6e22f82a3ba444398e8095b4a7149cfK.jpg,Mat siyah 50CM katlanır tutucu kanca havlu tutucu duvar montaj aluminumrack raf,"633,58TL",https://tr.aliexpress.com/item/1005005678309417.html
https://ae01.alicdn.com/kf/S33e4db9dddbf401682c023710148bfa9g.jpg,"12 adet, Matkap Fırçası Ataşman Seti, Güç Temizleme Ovma Fırçası ve Ovma Süngeri, Harç Zemin, Fayans, Banyo, Mutfak için","382,59TL",https://tr.aliexpress.com/item/1005006427574134.html
https://ae01.alicdn.com/kf/S1b0db4aa80ea4777ba854edaefa0fb6bt.jpg,Ev 3 in 1 UV Işık Elektrikli Diş Fırçası Temizleyici Duvara Monte Diş Fırçası Tutucu Diş Macunu Dispenseri Kombinasyonu,"586,56TL",https://tr.aliexpress.com/item/1005006422048729.html
https://ae01.alicdn.com/kf/S6062a7c6f03443f2aa96b2f843a69e68O.jpg,100W Taşınabilir 12v Araba Yüksek Basınçlı Temizleme Pompası Kiti 160PSI Elektrikli Temizleme Pompası Araba Bahçe Evcil Hayvan Temizleme,"1.416,28TL",https://tr.aliexpress.com/item/1005005096322231.html
https://ae01.alicdn.com/kf/Sf9bec3f65b8e4a7f8ada0c2ba28cdca4W.jpg,Ofis ev için emniyet anahtarı güç şeridi ile uzatma soket ab tak 3000W 2M kablo aşırı yük koruması USB tip C portları,"824,94TL",https://tr.aliexpress.com/item/1005006054644824.html
https://ae01.alicdn.com/kf/S25dcfb28c4bc49508a2943b4f226dd759.jpg,BSEED ab standart tek güç soketi kristal Panel 16A çift duvar prizleri üçlü soket cam dört duvar prizleri,"742,80TL",https://tr.aliexpress.com/item/1005004158151189.html
https://ae01.alicdn.com/kf/Sa13967d7bcf14202bd599777a982cfe8O.jpg,Yüz vücut saç büyüme için 540 iğneler Derma rulo cilt sakal için 0.2mm 0.25mm 0.3mm iğne mikro yüz rulo aracı,"186,85TL",https://tr.aliexpress.com/item/1005005556564081.html
https://ae01.alicdn.com/kf/Sdccb34430ed4406fa0e4a1ee4bcf2510i.jpg,12 LED güneş duvar lambası açık su geçirmez dört tarafı parlayan ışık merdiven Villa balkon aydınlatma güneş duvar ışıkları,"125,97TL",https://tr.aliexpress.com/item/1005005361728452.html
https://ae01.alicdn.com/kf/Hfcfd6388efe24047a3c889db6e2f48dc1.jpg,MAXFUTURE çift pompa otomatik plastik vakum gıda mühürleyen vakum poşeti gıda mühürleyen FoodSaver vakum yapıştırma makinesi,"1.577,66TL",https://tr.aliexpress.com/item/1005002306617042.html
https://ae01.alicdn.com/kf/S047bc79100b149629955f5053aff4abf7.jpg,AIKE Paslanmaz Çelik Manuel Sabunluk Pompaları Sıvı Sabunluk Mutfak Bulaşık Temizleme 450 ML El Sabunu Dispenseri,"808,31TL",https://tr.aliexpress.com/item/1005004522612115.html
https://ae01.alicdn.com/kf/S62bc7b6f80e74d92a46696cbcc565d88t.jpg,USB akülü döner Tool Kit için ağaç İşleme gravür kalem DIY takı Metal cam Mini kablosuz matkap,"677,09TL",https://tr.aliexpress.com/item/1005006170678319.html
https://ae01.alicdn.com/kf/S5bd3db8810004a61a3c7fef2f56044c3E.jpg,"1 adet Katlanabilir Yapışkanlı çamaşır sepeti Sepet, Çok Fonksiyonlu Yumruk Ücretsiz Duvar Asılı Yıkama Giysileri Örgü Kanca Organizatör","423,72TL",https://tr.aliexpress.com/item/1005006028617334.html
https://ae01.alicdn.com/kf/Sf69f4c8bfb454a58b60427c689f96c3fY.jpg,"Şarj edilebilir 2 In 1 torba Mini ısıyla yapıştırma, saklama çantası plastik paket aperatif mühürleyen klip çanta el ısıyla yapıştırma, plastik torba USB","312,38TL",https://tr.aliexpress.com/item/1005005954322791.html
https://ae01.alicdn.com/kf/S6428cea27f31482fbf756dee0e9e6b5cG.jpg,ANENG M469A M469A Ağ Kablosu Bulucu RJ45 RJ11 LAN Kablo Bulucu Test Cihazı Anti-Parazit Test Cihazı Ağ Onarımı,"536,82TL",https://tr.aliexpress.com/item/1005005976871425.html
https://ae01.alicdn.com/kf/Seabf57ee7da34487ac6217fe27e7f4c42.jpg,Çok katmanlı ayakkabı raf depolama organizatör ev istiflenebilir ayakkabı dolabı yerden tasarruf depolama yurt ayakkabı organizatörler antre,"290,09TL",https://tr.aliexpress.com/item/1005006296684664.html
https://ae01.alicdn.com/kf/S240744fd7559403cae86c9379f78a5c28.jpg,Alman tırnak makası seti ev kadın tırnak makası yüksek dereceli tırnak makası Scoop Scoop ithal pedikür araçları,"42,38TL",https://tr.aliexpress.com/item/1005006054860234.html
https://ae01.alicdn.com/kf/Sc0bcc983fe404f48ab0602e9230ac2d50.jpg,Elektronik kumbara şifre çocuklar için kasa para kutuları dijital paralar nakit tasarrufu güvenlik kasası Atm makinesi çocuk hediyeler,"790,52TL",https://tr.aliexpress.com/item/1005005873007774.html
https://ae01.alicdn.com/kf/S23a6781c89b84d129269f8ef85f0246aa.jpg,UV ışık ile 24L akıllı çöp kutusu otomatik sensörlü çöp kovası Can akıllı çöp için mutfak banyo tuvalet Wastebasket kapaklı,"1.779,74TL",https://tr.aliexpress.com/item/1005006061271185.html
https://ae01.alicdn.com/kf/S33f03e46ee19464b971a9ef53d12647bQ.jpg,1 adet paslanmaz çelik geri çekilebilir mutfak lavabo drenaj depolama raf kase sebze meyve temizleme drenaj sepeti,"406,91TL",https://tr.aliexpress.com/item/1005005799923182.html
https://ae01.alicdn.com/kf/S72ed661ec7b5477cbc9de94ed234b0d2U.jpg,10 çift yüksek kaliteli erkek çorap pamuk kısa çorap erkek düşük kesim ayak bileği çorap nefes yaz rahat yumuşak spor çorapları,"307,49TL",https://tr.aliexpress.com/item/1005006066439995.html
https://ae01.alicdn.com/kf/Sfdcbc72e3d3b4d0b9a8828cdfd5686d4r.png,Mini Akülü Elektrikli Tornavida Şarj Edilebilir 1300 mah Ayarı Elektrikli Matkap Çok fonksiyonlu Sökme Tork Tamir Araçları,"580,04TL",https://tr.aliexpress.com/item/1005005761194245.html
https://ae01.alicdn.com/kf/S141ad71044d24896b195e431dee11cf4s.jpg,Erkekler için cüzdan açık kart tutucu pratik taktik Magsafe alüminyum moda Mini akıllı sihirli cüzdan 15 kart kadar tutar,"212,29TL",https://tr.aliexpress.com/item/1005005654683521.html
https://ae01.alicdn.com/kf/S9ff6f28c68504a8e9acd302623b3c082B.jpg,"Ev Toilets için şık asılı çöp kutusu-büyük kapasiteli, kare tasarım, uygun kapaklı kapak","598,10TL",https://tr.aliexpress.com/item/1005006154112540.html
https://ae01.alicdn.com/kf/Sfaff219c43b644bf84b3b916185e5d7ak.jpg,40L büyük sırt çantası naylon su geçirmez rahat açık hava seyahati için sırt çantası bayanlar yürüyüş kamp dağcılık çantası gençlik spor çantaları,"637,38TL",https://tr.aliexpress.com/item/1005006468996061.html
https://ae01.alicdn.com/kf/S162ff5d3cdb3480589d486ebb6aea92fD.jpg,USB akülü döner Tool Kit için ağaç İşleme gravür kalem DIY takı Metal cam Mini kablosuz matkap,"559,07TL",https://tr.aliexpress.com/item/1005006170662474.html
https://ae01.alicdn.com/kf/Sdc18b0bc100c4e6387f87ef47591a2c2b.jpg,"Erkek kısa buzlu büyük kapasiteli deri cüzdan, çok Slot para cebi fotoğraf tutucu küçük erkek cüzdan, erkek için Vintage cüzdan","123,02TL",https://tr.aliexpress.com/item/1005005790186288.html
https://ae01.alicdn.com/kf/Sfbe2c09686ad4513865ab099e2c6fe54m.jpg,Şık seyahat pasaport çantası çoklu kart kart tutucu taşınabilir çok fonksiyonlu erkek cüzdan,"326,50TL",https://tr.aliexpress.com/item/1005006174094079.html
https://ae01.alicdn.com/kf/S3d348dc781834b41a4f5c9cc8618c5c97.jpg,Yeni PU deri erkek cüzdan yüksek kalite fermuar kısa Desigh kart tutucu erkek çanta bağbozumu sikke tutucu erkekler cüzdan,"328,38TL",https://tr.aliexpress.com/item/1005005654562807.html
https://ae01.alicdn.com/kf/S06e14703cae4402185481f46012edeb1V.jpg,500/50 adet Isı Büzüşmeli Butt Sıkma Terminalleri Su Geçirmez Lehim Contası Elektrik Konnektörleri Tel Kablo Ekleme Kiti Otomotiv Deniz,"361,34TL",https://tr.aliexpress.com/item/1005002538906794.html
https://ae01.alicdn.com/kf/S1479a57979fb4c5ea10504287aef97839.jpg,AIRAJ 7/8/9 inç tel pense keskin büyük açılış sıyırma pense endüstriyel sınıf çok fonksiyonlu donanım manuel araçları,"454,71TL",https://tr.aliexpress.com/item/1005005784668894.html
https://ae01.alicdn.com/kf/S731208d5cb634e95b80c38fa4ae7dac9g.jpg,Manyetik ev çok fonksiyonlu çapraz düz tornavida ile 9 adet tornavida seti manuel tornavida seti bakım aracı,"810,72TL",https://tr.aliexpress.com/item/1005005664131711.html
https://ae01.alicdn.com/kf/Sa248b728ee56437c9ee35152cef5abdf5.jpg,Alet kutusu organizatör tepsi bölücüler Set 8/16 adet tezgah dolabı kovaları araç kutusu çekmece organizasyon garaj donanım alet tepsisi,"1.114,28TL",https://tr.aliexpress.com/item/1005006203369416.html
https://ae01.alicdn.com/kf/S4184267e140b4101a7615055795ada97q.jpg,"2:1 Kez Shrink, Isıyla Daralan Boru Seti, Poliolefin, Tel Bağlantısı ve Veri Hattı Koruması için Yalıtımlı Isıyla Daralan Kılıf","51,55TL",https://tr.aliexpress.com/item/1005004015561319.html
https://ae01.alicdn.com/kf/S03226685b8aa448e9bde4d9bd2ac41f3F.png,AIRAJ Çok Fonksiyonlu Plastik ABS Alet Saklama Kutusu Saplı Çoklu Özellikler Taşınabilir Alet Düzenleyici Kalınlaşmış,"764,58TL",https://tr.aliexpress.com/item/1005005868503079.html
https://ae01.alicdn.com/kf/S439eb86276704e78ad73882eca87487do.jpg,"99 adet 1/4 ""-1/16"" büküm matkap seti Anti-pas aşınma koruma yüksek hız çeliği titanyum kaplı matkap ucu iniş","671,55TL",https://tr.aliexpress.com/item/1005006117581230.html
https://ae01.alicdn.com/kf/H7dafbd7796e2409eaa56fd0ea165cc45o.jpg,Su geçirmez Konnektörler Kiti Otomotiv Teli Hızlı Bağlantı Elektrik Araç Kabloları Otomatik Mühür Soketi 1 2 3 4 5 6 Pin Fiş Kiti Yolu,"509,05TL",https://tr.aliexpress.com/item/1005002311202965.html
https://ae01.alicdn.com/kf/S9c94879ba7a449b498a966d35e121428W.jpg,Profesyonel elektrikçi tel aracı kablo tel striptizci kesici Crimper otomatik çok fonksiyonlu sıkma sıyırma pense araçları,"330,42TL",https://tr.aliexpress.com/item/1005005351843886.html
https://ae01.alicdn.com/kf/S70d506cfa6144d3ca93725acdcaf0b03m.jpg,Erkek İşlevli anti-hırsızlık USB omuzdan askili çanta adam Crossbody çapraz vücut seyahat Sling göğüs çanta paketi Messenger paketi için erkek,"444,58TL",https://tr.aliexpress.com/item/1005006316628126.html
https://ae01.alicdn.com/kf/Sb64ec35546c24014830c77eb5bfe050a8.jpg,328 adet daralan tüp yalıtım çevre koruma daralan kombinasyon kılıfı elektrik kablosu kılıfı,"235,43TL",https://tr.aliexpress.com/item/1005005187636795.html
https://ae01.alicdn.com/kf/S2d0ebf580711443d8d0b16a1615de891r.png,Parmak izi kilidi anahtarsız su geçirmez anti-hırsızlık akıllı kilit parmak izi asma kilit çinko alaşım akıllı güvenlik elektronik DoorLock,"324,10TL",https://tr.aliexpress.com/item/1005005847345285.html
https://ae01.alicdn.com/kf/S4de0591e063a47f8b37eeca9503610d6n.jpg,Courtyard boncuk yukarı ve aşağı ışık güneş enerjili su geçirmez duvar ışık avlu bahçe Carport için,"254,98TL",https://tr.aliexpress.com/item/1005005008493756.html
https://ae01.alicdn.com/kf/Sb2de0ba03c8c47489ae485796f49173fZ.png,116 in 1 Hassas Tornavida Seti Manyetik Tornavida Ucu IPhone PC İzle Gözlük Profesyonel Onarım Aracı Kiti Siyah,"569,00TL",https://tr.aliexpress.com/item/1005006380600348.html
https://ae01.alicdn.com/kf/Se9eb1e1204b94aa0aa6c4c682214702cQ.png,Elektrikli Mini matkap öğütücü gravür kalem Mini matkap elektrikli döner aracı taşlama makinesi aksesuarları,"659,45TL",https://tr.aliexpress.com/item/1005006163855940.html
https://ae01.alicdn.com/kf/S014d855a27b74f3dab07070f9d2c6662t.jpg,Erkekler İşlevli Anti hırsızlık USB omuz çantası adam Crossbody çapraz vücut seyahat Sling göğüs çanta paketi Messenger paketi,"708,79TL",https://tr.aliexpress.com/item/1005005121613031.html
https://ae01.alicdn.com/kf/S0a5603949f3a4d029ad0e1a55b4f35f0d.jpg,Kablolu taşınabilir araba hava pompası yükseltilmiş 12V 150PSI elektrikli lastik şişirme pompası motosiklet bisiklet top LED ışık araba hava kompresörü,"1.098,00TL",https://tr.aliexpress.com/item/1005005120504122.html
https://ae01.alicdn.com/kf/Safb32d389d1a47a2bc9b35cf807a5cf9V.jpg,280 adet tel konektör kiti erkek kadın yalıtımlı terminalleri soğuk sıkma terminalleri çeşitli sıkma terminalleri Spade kablo uzatması konektör kiti,"372,52TL",https://tr.aliexpress.com/item/1005005918942392.html
https://ae01.alicdn.com/kf/S383f55319ab14bc0b3f1528f60250f41M.jpg,60Bar araba yıkama tabancası yıkama püskürtme memesi yüksek basınçlı temizleyici oto ev bahçe temizleme su tabancası araba çamaşır makinesi,"6.127.182,26TL",https://tr.aliexpress.com/item/1005005818907773.html
https://ae01.alicdn.com/kf/S75b1a04a0aaa479c9964cd178b518dc98.jpg,"Saç kurutma makinesi, yüksek hızlı elektrikli türbin hava akımı, düşük gürültü, sabit sıcaklık ve hızlı kurutma, ev salonları için uygundur.","727,31TL",https://tr.aliexpress.com/item/1005005661540378.html
https://ae01.alicdn.com/kf/Sf1a35bd8a66441cca6e27ee815bef7e3W.jpg,Araba Elektrikli Süpürge Güçlü Temizleme Makinesi Araba Temizleyici Mini Kablosuz Taşınabilir El Otomatik Elektrikli Süpürge Ev Aletleri için,"1.115,63TL",https://tr.aliexpress.com/item/1005006331422721.html
https://ae01.alicdn.com/kf/S5ae1b63ef22d4da9a0fcfb980115cd4bj.jpg,"Hassas Tornavida Seti 117'i 1 Arada Manyetik Onarım Aracı Kiti, IPhone Kamera İzle PC için 98 Torx Phillips Tornavida Uçları ile","687,42TL",https://tr.aliexpress.com/item/1005006380562348.html
https://ae01.alicdn.com/kf/S7b4fa550bfe847a78f7985e8fc4ab6a1k.jpg,Yüksük Kollu Terminal Sıkma Araçları Mini Elektrikli Pense HSC8 6-4/6-6(0.25-10mm2/0.25-6mm2) Tel Bağlantı Onarım Kelepçesi,"1.014,62TL",https://tr.aliexpress.com/item/1005006134404381.html
https://ae01.alicdn.com/kf/S834687bdc0304f7ca40a394cbd8f267b8.jpg,Makine aksesuarları için 2023 siklon filtre şarj edilebilir pil el güçlü kablosuz araba elektrikli süpürge Mini yıkama araba için,"773,69TL",https://tr.aliexpress.com/item/1005005974959520.html
https://ae01.alicdn.com/kf/S644d045d950f4a65bcc44022aece9289o.jpg,Mutfak çöp kutusu 13L banyo dokunmatik çöp kutusu tuvalet akıllı çöp kovası çöp kutuları çöp akıllı çöp kutusu mutfak,"797,84TL",https://tr.aliexpress.com/item/1005005983288689.html
https://ae01.alicdn.com/kf/S91623cbb61a742e0a3e08da23dfa649b0.jpg,Duvara monte yumruk ücretsiz alüminyum elektrikli diş fırçası tutucu no-matkap diş macunu dağıtıcı fincan depolama raf banyo aksesuarları,"1.367,02TL",https://tr.aliexpress.com/item/1005006062056317.html
https://ae01.alicdn.com/kf/Saca38c1f20ea4484ae5c85a7f1540715g.jpg,1 adet saç kurutma makinesi depolama raf olmayan delme banyo duvara monte,"272,24TL",https://tr.aliexpress.com/item/1005005482663696.html
https://ae01.alicdn.com/kf/Hfcbe1a4388114759a508a6a11d8d12b3h.jpg,Kablosuz WiFi akıllı Video interkom sistemi AHD tam dokunmatik ekran kablolu kapı akıllı telefon konuşma tek anahtar kilidini,"8.021,00TL",https://tr.aliexpress.com/item/1005002352619154.html
https://ae01.alicdn.com/kf/S8782a6d41f5149ad875745f6d73b8211m.jpg,Ev Video girişi için 2.4GHz kablosuz Video interkom telefon kapı zili 7 ''LCD konut görüntülü telefon Video interkomları,"11.179,30TL",https://tr.aliexpress.com/item/1005004325762736.html
https://ae01.alicdn.com/kf/S93af4f043c374bd4b17d79ff45fd3c01f.png,Jeatone Tuya 7 inç WiFi kablosuz Video interkom doorhome için 1080P otomatik algılama göz kamera ile ev açık daire,"1.528,84TL",https://tr.aliexpress.com/item/1005001326366852.html
https://ae01.alicdn.com/kf/S13f6f2aef3e04381b358f43a139881a1t.jpg,TMEZON 1080 P Görüntülü Kapı Telefonu Ev Interkom Sistemi Kablosuz WiFi Akıllı IP Görüntülü Kapı Zili 7 Inç Kablolu Kapı Zili ile TUYA APP,"6.356,86TL",https://tr.aliexpress.com/item/1005002283311412.html
https://ae01.alicdn.com/kf/S07b29ce2972f41b68b0c45bf240bddd2R.jpg,2 telli TMEZON WiFi Video kapı zili kapı zili interkom 7 inç 1080P dokunmatik monitör APP/tokatlamak/kart 4in1 kilidini tuya app,"6.001,51TL",https://tr.aliexpress.com/item/1005002943414399.html
https://ae01.alicdn.com/kf/Sa8954cb71b3d4c289f7860a0086135bdZ.jpg,SONOFF NSPanel Akıllı Sahne Duvar Anahtarı HMI AB/ABD Paneli Çoklu Kontrol Termostatı eWeLink APP aracılığıyla Gerçek Zamanlı Hava Durumu Göstergesi,"1.790,44TL",https://tr.aliexpress.com/item/1005003587738237.html
https://ae01.alicdn.com/kf/Se0c39f7a883d4fc88d4c69d5fd801d0di.jpg,Zemismart WiFi Akıllı Elektronik Kilit Biyometrik Parmak İzi Silindir Tuya Güvenlik Kapı Kilidi Şifreleme Tuşları IC Kartları ile Çalışmak,"8.807,04TL",https://tr.aliexpress.com/item/4001163014721.html
https://ae01.alicdn.com/kf/H8770f6dbbcd64d3b9198d5c6bc23b8c9S.jpg,"Yeni Video interkom ev kapı telefonu 7 ""monitör HD kamera için uygun çok aile bir anahtar kilidini otomatik kayıt erişim kontrolü","8.811,75TL",https://tr.aliexpress.com/item/1005003076280825.html
https://ae01.alicdn.com/kf/Hc2e480caf9cf46aa961ecc4a0a776c049.jpg,"Video interkom çok aile parmak izi erişim kontrolü 7 ""HD tam dokunmatik ekran iç ünite ile cep telefonu kablosuz interkom","2.104,25TL",https://tr.aliexpress.com/item/1005002898076481.html
https://ae01.alicdn.com/kf/Ud0e7ebdca99f4a3e93c647e06010b914e.jpg,JeaTone 1.0 MP/IP POE Video kapı zili kapı telefonu yüksek çözünürlüklü IP65 su geçirmez açık çağrı paneli ile IC kart/Şifre kilidini,"8.143,44TL",https://tr.aliexpress.com/item/33040237072.html
https://ae01.alicdn.com/kf/Sc2b58136711d450f8b456e4287734375Z.jpg,Ewelink 1 P + N 63A WIFI akıllı anahtar Enerji Ölçer Kwh Ölçüm İzleme devre kesici Zamanlayıcı Röle Akıllı Ev için TOMZN,"1.481,75TL",https://tr.aliexpress.com/item/1005003738403328.html
https://ae01.alicdn.com/kf/Sbffc4ccf13fa4b7aab5dcc45e55c849eM.png,Tuya Akıllı WiFi IR Uzaktan Evrensel TV Klima için Akıllı Ev Kontrolü için Alexa Google Home Yandex Alice ile Çalışır,"131,01TL",https://tr.aliexpress.com/item/1005003283563308.html
https://ae01.alicdn.com/kf/S46181619b4874900a469c6637d290a76g.jpg,7 inç Wifi kablosuz parmak izi IC kart görüntülü kapı telefonu kapı zili interkom sistemi kablolu HD 1080P kamera,"4.923,48TL",https://tr.aliexpress.com/item/4000253497345.html
https://ae01.alicdn.com/kf/Sddf57b42c93e43e58a17a3311f5de915a.jpg,"Jeatone 7 ""Monitör 1200TVL Renkli Görüntülü Interkom Su Geçirmez Kapı Zili Özel Ev Daire Kapı Telefonu Kamera Hareket Algılama ile","2.639,85TL",https://tr.aliexpress.com/item/4000321337219.html
https://ae01.alicdn.com/kf/S6f4bf71cf5494a3a81f18269b7edbd2eD.jpg,"JeaTone 7 inç ev görüntülü kapı telefonu interkom sistemi 1200TVL kapı zili kamera renkli LCD ekran kilidi, monitör, iki yönlü konuşma","7.699,04TL",https://tr.aliexpress.com/item/1005003783026629.html
https://ae01.alicdn.com/kf/A012ee3fc6f604cfa93070c3d52c0f1466.jpg,Home 7 inç kapalı Video telefon ekranı için çok akıllı WiFi Video interkom açık 1080P FHD kablolu Video kapı zili kamera ile,"11.955,93TL",https://tr.aliexpress.com/item/1005004126817162.html
https://ae01.alicdn.com/kf/S126221027a894bb38877ec4860fe9919M.jpg,Tuya Video interkom kamera ile Wifi Interfone Doorbell iro kapı zili akıllı ev güvenlik Potection için kereste konut daire,"7.306,02TL",https://tr.aliexpress.com/item/1005003215650097.html
https://ae01.alicdn.com/kf/Saf87df5ac3e04cadab02b44d038a3116H.png,5MP 360 güneş güvenlik kamerası WIFI/4G SIM Kart Kablosuz Gözetleme Kamerası PTZ Açık İki Yönlü Ses Uzun Bekleme IP Kamera,"16.035,57TL",https://tr.aliexpress.com/item/1005003757887606.html
https://ae01.alicdn.com/kf/Sc269e81838574dcdb3b8eb0763f01011M.png,360 R801 Akıllı Ev Görüntülü Kapı Zili Kamera Kablosuz WiFi 3MP 1920 P Güvenlik koruma Kamerası HDR Gece Görüş Alexa Google,"6.875,80TL",https://tr.aliexpress.com/item/1005004150213883.html
https://ae01.alicdn.com/kf/S710d4b8e9fd94667a2a5addfff87581bj.jpg,SONOFF SPM akıllı istiflenebilir güç ölçer RS-485 20A 4-röle aşırı yük koruması meta veri güç izleme akıllı yönetim sistemi,"1.000,97TL",https://tr.aliexpress.com/item/1005003437664702.html
https://ae01.alicdn.com/kf/S17df7f2377d74279a0577d06db30445cg.jpg,Aixi-SHS Wi-Fi sıcaklık sensörü 3m ayrılabilir prob tetik Alarm ekran dijital veri ihracat yüksek/düşük Alarm,"463,41TL",https://tr.aliexpress.com/item/1005004166075095.html
https://ae01.alicdn.com/kf/Sec6acbe1dbd14027b586c5cfa7b0c90fU.jpg,SONOFF THR316D/THR320D Sıcaklık Nem Akıllı Anahtar 16A/20A Kuru Kontak Çıkışı eWeLink Alexa aracılığıyla LCD Ekran İzleme,"217,91TL",https://tr.aliexpress.com/item/1005004377171162.html
https://ae01.alicdn.com/kf/S4b182756e5334104aed9d99c25aad03cy.jpg,SONOFF 1080P HD Wi-Fi IOT Kamera CAM İnce Akıllı Ev Güvenliği Hareket Algılama Alarm Sahne Bağlantısı eWeLink Alexa Google aracılığıyla,"174,68TL",https://tr.aliexpress.com/item/1005004279258649.html
https://ae01.alicdn.com/kf/Sba1ede2967ed40b1ae19044d4f1e63c7M.jpg,BSEED Zigbee Akıllı Soket AB Güç Monitör Çıkışı DIY Fonksiyon Parçaları Tuya Akıllı Yaşam Alexa App Göstergesi Duvara Monte Ile Çalışmak,"349,44TL",https://tr.aliexpress.com/item/1005003913513379.html
https://ae01.alicdn.com/kf/S79da2f5fc5e149759edcabb62f395f8a3.jpg,Tuya Smart Life Tek Fazlı 3 Fazlı ZigBee Enerji Ölçer KWh Enerji Tüketim Monitörü İstatistiksel 500A 300A 200A 120A 80A Sıkıştırmalı Akım Trafolu ve Antenli,"12.720,14TL",https://tr.aliexpress.com/item/1005004446589629.html
https://ae01.alicdn.com/kf/S8a00ae3526304bd38543b12093ef7d88O.jpg,INQMEGA 8MP 4K 10X gözetim Kamera PTZ açık güvenlik koruma Kamera Dome İnsan algılama kam uyumlu WIFI ve RJ45,"3.835,61TL",https://tr.aliexpress.com/item/1005004329495947.html
https://ae01.alicdn.com/kf/Se4539e7361e646c299e0fe8e443c2fc7R.jpg,5MP güneş gözetim kameraları şarj edilebilir 4G WIFI PTZ Video gözetim açık su geçirmez güvenlik kameraları PIR renk gece,"11.195,47TL",https://tr.aliexpress.com/item/1005004277742661.html
https://ae01.alicdn.com/kf/Sa1c1b5d1ead94d5cb7e7fcbfcb381a1cA.jpg,"Tuya akıllı ev kontrol paneli, ev akıllı hoparlörleri ve akıllı ev otomasyonu gibi tüm Tuya akıllı ürünleri kontrol eder","4.995,42TL",https://tr.aliexpress.com/item/1005004053522933.html
https://ae01.alicdn.com/kf/Se3135a9c226641afa295bed6efb9bec0p.jpg,MOES Tuya wifi Çok fonksiyonlu Dokunmatik Ekran Kontrol Paneli Akıllı Sahneler için 4 inç duvar içi Merkezi Kontrol Akıllı Ev,"3.933,65TL",https://tr.aliexpress.com/item/1005003799973429.html
https://ae01.alicdn.com/kf/H4392da5459114b8c88a537d16cc071b37.jpg,Banyo üstten duvar tavana monte duş kolu üst kafa Ultra ince mat siyah yağmur Sprinkler Spar büyük kare yuvarlak Oval,"586,11TL",https://tr.aliexpress.com/item/1005002264933804.html
https://ae01.alicdn.com/kf/Sbc3266083398496897ae8fa900b817461.jpg,Lovebay 65 W GaN Hızlı şarj adaptörü MacBook Pro Dizüstü Bilgisayar Tipi C PD Hızlı Şarj Cihazı iPhone 13 14 iPad Huawei Xiaomi Samsung,"42,38TL",https://tr.aliexpress.com/item/1005004059012791.html
https://ae01.alicdn.com/kf/S6072e53f4ff942e4bd1bf5112d0f8ebe1.jpg,Zigbee Tuya Akıllı WiFi Su Vanası Gaz Vanası Akıllı Otomasyon Musluk Kontrol Cihazı Desteği Alexa Google Asistan Akıllı Yaşam,"864,82TL",https://tr.aliexpress.com/item/1005003792691453.html
https://ae01.alicdn.com/kf/Sa4f5a12ec01345cfb8b218b30963f106H.png,Essager USB tip C USB C kablosu 100W/5A PD hızlı şarj şarj tel kablosu için Macbook Xiaomi Samsung tip-c USBC kablosu 2M,"123,55TL",https://tr.aliexpress.com/item/1005003844408378.html
https://ae01.alicdn.com/kf/Sa1fd3e4df1df41259d48255dfb8549b8d.jpg,WiFi anahtarı akıllı garaj kapısı açacağı kontrol Alexa Echo ile çalışmak Google ev akıllı ömrü/Tuya APP kontrol yok hub gerekli,"263,30TL",https://tr.aliexpress.com/item/1005004365828972.html
https://ae01.alicdn.com/kf/S4c356605d5fe40b79cb8de169e8801d67.jpg,TUYA WIFI Akıllı Devre Kesici Ölçümlü 1 P 63A DIN Ray Akıllı Ev için kablosuz Uzaktan Kumanda Anahtarı APP TONGOU tarafından,"407,58TL",https://tr.aliexpress.com/item/1005004153509348.html
https://ae01.alicdn.com/kf/Hf2678f24b1fc4ddc97a82327f4914125N.jpg,Silikon Gıda Saklama Çantası Yeniden Kullanılabilir Stand Up Zip Kapaklı Çanta Sızdırmaz Kaplar Taze Çanta Gıda Saklama Çantası Taze Wrap Kilitli Çanta,"87,34TL",https://tr.aliexpress.com/item/1005002965721496.html
https://ae01.alicdn.com/kf/H2c3fbe7e3895485dabfc109ba03a5ca59.jpg,Saç Filtresi Lavabo Anti-blokaj Süzgeç Küvet Duş Zemin tahliye tapası Silikon Mutfak Deodorant Fiş Banyo Aksesuarları,"42,38TL",https://tr.aliexpress.com/item/1005002440504576.html
https://ae01.alicdn.com/kf/Scfd3af11a2fe415eb0bda1c179fed9bbz.jpg,Basın sıçrama havzası Pop-up tahliye filtresi banyo duş lavabo filtresi fiş saç uzatma banyo fişi mutfak donanım aksesuarları,"67,22TL",https://tr.aliexpress.com/item/1005003634107457.html
https://ae01.alicdn.com/kf/S9cb4c284170e4c508ced26feb138253bJ.jpg,Oturma odası köşe zemin lambası 150 Tuya LED akıllı RGB için ruh işık yatak odası Nordic ev dekor masa lambası iç standı aydınlatma,"1.659,86TL",https://tr.aliexpress.com/item/1005003264716508.html
https://ae01.alicdn.com/kf/Sd9e1b4facc474b3d920bf7005c2c0e60r.jpg,GT APP uzaktan kumanda Alarm paneli değiştirilebilir 9 diller kablosuz ev güvenlik WIFI GSM GPRS Alarm sistemi RFID kart kol çözme,"2.469,02TL",https://tr.aliexpress.com/item/4000143025966.html
https://ae01.alicdn.com/kf/S01dc97e41eb74b21a485b0981eee54d5d.jpg,WIKHOSTAR duvara monte kağıt havlu kutusu rulo kağıt havlu tutucu su geçirmez doku kutusu rulo kağıt havlu tutucu dağıtıcı banyo organizatör,"662,74TL",https://tr.aliexpress.com/item/1005004355014471.html
https://ae01.alicdn.com/kf/Sd2aea3ba171d44619a7602da16d65319b.jpg,Silikon TPR Tuvalet Fırçası ve Tutucu Klozet Fırçası Tutucu Seti ile Duvar Asılı Tuvalet Fırçası Silikon Kıllar Zemin için,"215,35TL",https://tr.aliexpress.com/item/1005004276712172.html
https://ae01.alicdn.com/kf/S9dcce13ad26840d49d1f87bdde9f9005D.jpg,MOES WiFi Akıllı Duvar Işık Anahtarı RF433 Basma Düğmesi Verici Akıllı yaşam Tuya App Uzaktan Kumanda Alexa Google Home ile Çalışır,"532,59TL",https://tr.aliexpress.com/item/1005003604891223.html
https://ae01.alicdn.com/kf/Sb6d2a025446d4371b3467ba6948f58ab6.jpg,GauTone PG103 Ev Hırsız Güvenliği için Alarm Sistemi 433 MHz 2G WiFi GSM Alarm Kablosuz Tuya Akıllı Ev App Kontrolü,"941,03TL",https://tr.aliexpress.com/item/1005001700651666.html
https://ae01.alicdn.com/kf/A009d7ee635e242248b52ac86fcbb4bf2M.png,IR Uzaktan Kumanda Akıllı wifi Evrensel Kızılötesi Tuya akıllı ev için TV DVD AUD AC için Amz Alexa Google Home ile Çalışır,"158,41TL",https://tr.aliexpress.com/item/4000825628583.html
https://ae01.alicdn.com/kf/S3f1b5a91bfae4beaaf2180813da7d593y.jpg,SONOFF POW Elite 16A/20A akıllı güç ölçer anahtarı LCD ekran ESP32 çip 14s hızlı eşleştirme uzaktan kumanda tarafından eWeLink Google ev,"550,14TL",https://tr.aliexpress.com/item/32866218809.html
https://ae01.alicdn.com/kf/S4db83255bd7343b587cf872a223e2c650.jpg,Zemismart BLE Akıllı güvenlik kapısı Kilidi DIY Silindir Çekirdek Elektronik Kahya Tuya Anahtar IC Kart Parmak İzi Kilidini ile Çalışmak,"7.205,84TL",https://tr.aliexpress.com/item/1005004221282728.html
https://ae01.alicdn.com/kf/S608dd44cea964c769eab13d77fb8b0c33.jpg,Tuya Akıllı Kilit Silindir Elektronik anahtar Kablosuz WIFI Zigbee Kilit Çekirdek Akıllı Şifreleme Kapı Kilidi AB Kilidi Akıllı Ev,"2.830,79TL",https://tr.aliexpress.com/item/4001063487212.html
https://ae01.alicdn.com/kf/A299dc9c5169640bba1436d6b8ec6b73ek.jpg,RAYKUBE Biyometrik Parmak İzi Kapı Kilidi K7 Pro+ Siyah Akıllı Kilit Tuya Uygulaması Bluetooth Kilidini Anahtarsız Kilit Elektronik Dış Kapı Kilidi,"1.478,51TL",https://tr.aliexpress.com/item/1005003515525914.html
https://ae01.alicdn.com/kf/S21df511988a041399173f434e5a91d16X/500x500.png,360 ° derece rotasyon banyo musluk ölçeklenebilir mutfak musluklar banyo lavabo musluğu dokunun Tapware Blender lavabo dokunun,,https://tr.aliexpress.com/item/1005006416651320.html
https://ae01.alicdn.com/kf/S21df511988a041399173f434e5a91d16X/500x500.png,LED gerektirmez güç ekleme sıcaklık göstergesi musluk Modern moda stil mutfak musluk lavabo mutfak musluk dokunun,,https://tr.aliexpress.com/item/1005006672753083.html
https://ae01.alicdn.com/kf/S21df511988a041399173f434e5a91d16X/500x500.png,360 ° rotasyon dijital ekran lavabo musluk çok fonksiyonlu sıcak soğuk su lavabo bataryası banyo için püskürtücü yıkama dokunun,,https://tr.aliexpress.com/item/1005006605176918.html
https://ae01.alicdn.com/kf/S21df511988a041399173f434e5a91d16X/500x500.png,Mutfak musluk Pull Out krom nikel kaplama çift borulu mutfak lavabo bataryaları tek kolu güverte üstü musluk bataryası sıcak ve soğuk,,https://tr.aliexpress.com/item/1005004917530457.html
https://ae01.alicdn.com/kf/S21df511988a041399173f434e5a91d16X/500x500.png,Rozin mat siyah duvara monte edilmiş mutfak musluğu yıkamak için bide ve döner ağızlı vinç ile mutfak musluk sıcak soğuk su mikser muslukları,,https://tr.aliexpress.com/item/1005002019515751.html
https://ae01.alicdn.com/kf/S21df511988a041399173f434e5a91d16X/500x500.png,Büyük şelale mutfak musluk lavabo soğuk ve sıcak yüklü su çıkış yöntemleri çeşitli çekebilirsiniz,,https://tr.aliexpress.com/item/1005004909992888.html
https://ae01.alicdn.com/kf/S21df511988a041399173f434e5a91d16X/500x500.png,Çekme mutfak musluk soğuk ve sıcak su çift amaçlı sıçrama geçirmez musluk hızlı ısıtma ev lavabo musluk,,https://tr.aliexpress.com/item/1005005603091094.html
https://ae01.alicdn.com/kf/S21df511988a041399173f434e5a91d16X/500x500.png,Çok fonksiyonlu Pull-out musluk banyo için lavabo musluğu yıkama lavabo dokunun havzası musluklar mutfak küvet mikseri su fikstür,,https://tr.aliexpress.com/item/1005006413507076.html
https://ae01.alicdn.com/kf/S21df511988a041399173f434e5a91d16X/500x500.png,DisplayThermostatic siyah banyo ve duş bataryası seti küvet musluk banyo raf su akış ile elektrik üretir,,https://tr.aliexpress.com/item/1005004874321655.html
https://ae01.alicdn.com/kf/S21df511988a041399173f434e5a91d16X/500x500.png,Siyah çekin mutfak lavabo musluğu esnek 2 modları akışı ve püskürtme memesi musluklar paslanmaz çelik sıcak soğuk Wate musluk bataryası güverte,,https://tr.aliexpress.com/item/1005006038573156.html
https://ae01.alicdn.com/kf/S21df511988a041399173f434e5a91d16X/500x500.png,Yüksek sıcaklık buharlı temizleyici YILI YLM1002 temizleme makinesi ev tuvalet mutfak için el buharlı paspas yıkama araçları,,https://tr.aliexpress.com/item/1005006359122577.html
https://ae01.alicdn.com/kf/S21df511988a041399173f434e5a91d16X/500x500.png,Ulanzi güçlü elektrikli hava Duster Blower ve elektrikli süpürge 2-in-1 için DSLR kameralar bilgisayar klavyeler Pet evler araba iç,,https://tr.aliexpress.com/item/1005006240339976.html
https://ae01.alicdn.com/kf/S21df511988a041399173f434e5a91d16X/500x500.png,Zemin tahta fırçası 2 1 temizleme fırçası uzun sap ayrılabilir silecek sihirli süpürge fırça kazıyıcı kiremit mutfak temizleme aracı,,https://tr.aliexpress.com/item/1005006058583642.html
https://ae01.alicdn.com/kf/S21df511988a041399173f434e5a91d16X/500x500.png,10 adet/takım kalınlaşmış sihirli temizlik bezi hiçbir iz hiçbir filigran kullanımlık mikrofiber bez hızla temiz havlu ovma pedi,,https://tr.aliexpress.com/item/1005005978653435.html
https://ae01.alicdn.com/kf/S21df511988a041399173f434e5a91d16X/500x500.png,8W el toz Mite temizleyici güçlü vantuz temizleme yatak yastık kanepe halı küçük elektrikli süpürge kablosuz ev araba çift,,https://tr.aliexpress.com/item/1005006437065380.html
https://ae01.alicdn.com/kf/S21df511988a041399173f434e5a91d16X/500x500.png,Akülü elektrikli temizleme fırçası LED ekran güç duş kauçuklar için küvet kiremit lavabo pencere,,https://tr.aliexpress.com/item/1005006121638277.html
https://ae01.alicdn.com/kf/S21df511988a041399173f434e5a91d16X/500x500.png,ORICO elektrik prizleri ile uzatma kablosu güç şeridi USB portları ile ev ofis için dalgalanma koruyucusu akıllı ağ filtresi,,https://tr.aliexpress.com/item/1005006129039302.html
https://ae01.alicdn.com/kf/S21df511988a041399173f434e5a91d16X/500x500.png,Hareket sensörlü ışık kablosuz LED gece işıkları yatak odası dekoru işık dedektörü duvar dekoratif lamba merdiven dolap koridor işık,,https://tr.aliexpress.com/item/1005005485797655.html
https://ae01.alicdn.com/kf/S21df511988a041399173f434e5a91d16X/500x500.png,Xiaomi Mijia 3 modları duş başlığı yüksek basınç taşınabilir filtre yağmur musluk dokunun banyo banyo ev yenilikçi aksesuarları,,https://tr.aliexpress.com/item/1005006651742885.html
https://ae01.alicdn.com/kf/S21df511988a041399173f434e5a91d16X/500x500.png,Anti hırsız Rfid kredi kartlık akıllı Minimalist cüzdan cep erkekler kadınlar ince kart sahibi banka nakit kredi kartı vaka çanta çanta,,https://tr.aliexpress.com/item/1005006351982797.html
https://ae01.alicdn.com/kf/S21df511988a041399173f434e5a91d16X/500x500.png,"Profesyonel saç kurucu, 1600W Güçlü Yüksek Hızlı Ses Düşük Hızlı Soğuk, Negatif Ionic Blow Dryer, Hotel Electric Salon Hairdryer",,https://tr.aliexpress.com/item/1005006576580175.html
https://ae01.alicdn.com/kf/S21df511988a041399173f434e5a91d16X/500x500.png,Xiaomi REDMI kablosuz kulaklık In-Ear TWS Bluetooth Ture spor kulaklık HiFI Stereo oyun su geçirmez 5.3 kulaklık ile micromicro,,https://tr.aliexpress.com/item/1005003776208168.html
https://ae01.alicdn.com/kf/S21df511988a041399173f434e5a91d16X/500x500.png,Araba ve ev kullanımı Usb şarj yüksek güç güçlü emiş taşınabilir el küçük kablosuz araba elektrikli süpürge,,https://tr.aliexpress.com/item/1005004896325763.html
https://ae01.alicdn.com/kf/S21df511988a041399173f434e5a91d16X/500x500.png,Xiaomi REDMI kablosuz kulaklık gürültü azaltma Bluetooth kulaklıklar HiFi Stereo kulak içi kulaklık Subwoofer kulaklıklar Handsfree Mic,,https://tr.aliexpress.com/item/1005006011014408.html
https://ae01.alicdn.com/kf/S21df511988a041399173f434e5a91d16X/500x500.png,Ev 2.4GHz kablosuz 7 ''anahtar ekran görüntülü kapı telefonu interkom erişim kontrol sistemi kapı zili dahili pil gece görüş,,https://tr.aliexpress.com/item/1005003392284593.html
https://ae01.alicdn.com/kf/S21df511988a041399173f434e5a91d16X/500x500.png,1080P 7/10 inç TUYA WiFi akıllı uygulama ev interkom kiti kablosuz görüntülü kapı telefonu RFID erişim kontrol sistemi için kablolu kapı zili,,https://tr.aliexpress.com/item/1005004270139057.html
https://ae01.alicdn.com/kf/S21df511988a041399173f434e5a91d16X/500x500.png,AnjielaSmart kablosuz 7 inç dahili pil görüntülü kapı zili Villa diyafon İnterkom ekipmanları uzaktan kilidini elektronik kilit,,https://tr.aliexpress.com/item/1005004351701447.html
https://ae01.alicdn.com/kf/S21df511988a041399173f434e5a91d16X/500x500.png,7 inç görüntülü interkom sistemi ile hava koşullarına dayanıklı kapak açık kamera ile kullanılabilir daha fazla kablosuz interkom звонок с камерой,,https://tr.aliexpress.com/item/1005004354781403.html
https://ae01.alicdn.com/kf/S21df511988a041399173f434e5a91d16X/500x500.png,【New】Jeatone Tuya akıllı WIFI IP kapı zili video interkom monitör desteği çok fonksiyonlu açma/AHD kamera/paslanmaz çelik anti-pas,,https://tr.aliexpress.com/item/1005002944596501.html
https://ae01.alicdn.com/kf/S21df511988a041399173f434e5a91d16X/500x500.png,Jeatone Tuya smart 7 inç IP WIFI görüntülü interkom ev hareket algılama monitör kapı zili 720P/AHD 32G kapı telefonu beyaz/siyah,,https://tr.aliexpress.com/item/4001204035965.html
https://ae01.alicdn.com/kf/S21df511988a041399173f434e5a91d16X/500x500.png,Tuya WiFi akıllı hava İstasyonu akıllı yaşam uygulaması kontrolü akıllı ev hava durumu monitörü kapalı sıcaklık nem alarmlı saatler,,https://tr.aliexpress.com/item/1005004367084012.html
https://ae01.alicdn.com/kf/S21df511988a041399173f434e5a91d16X/500x500.png,Video interkom kablosuz interkom adaptörü Wifi kutusu cep telefonu kapı zili uzaktan kablosuz interkom Tuya APP kilidini,,https://tr.aliexpress.com/item/1005002956075778.html
https://ae01.alicdn.com/kf/S21df511988a041399173f434e5a91d16X/500x500.png,Remax PD 60W 4in1 USB C Cable To USB Type C for Macbook Iphone Fast Charging Data Wire Micro Lightning Cable Set With Box Holder,,https://tr.aliexpress.com/item/1005004016192354.html
https://ae01.alicdn.com/kf/S21df511988a041399173f434e5a91d16X/500x500.png,Docking Station USB Type C HUB To HDMI-Compatible Adapter OTG Vga RJ45 Lan Multi USB PD 3.0 USB-C for MacBook Pro Air 4KSplitter,,https://tr.aliexpress.com/item/1005003154811482.html
https://ae01.alicdn.com/kf/S21df511988a041399173f434e5a91d16X/500x500.png,USB Hub USB To Type C Adapter USB Splitter Hub USB C HDMI Type C Hub USB 3.0 For Macbook Air M1 Type C Dock With Several Ports,,https://tr.aliexpress.com/item/1005003346649054.html
https://ae01.alicdn.com/kf/S21df511988a041399173f434e5a91d16X/500x500.png,USB Hub 3.0 USB 3 0 Hub Multi USB Splitter 3 Hab Use Power Adapter Multiple Expander 2.0 Hub With Switch For Laptop Accessoriess,,https://tr.aliexpress.com/item/1005003653639305.html
https://ae01.alicdn.com/kf/S21df511988a041399173f434e5a91d16X/500x500.png,Jeatone Tuya smart phone7 ''WIFI kablosuz video interkom ev için 1/2/3/4F kapalı monitör kapı zili kamera açık sistemi,,https://tr.aliexpress.com/item/1005001393862944.html
https://ae01.alicdn.com/kf/S21df511988a041399173f434e5a91d16X/500x500.png,Video interkom sistemleri 4/5/6/7/8 daire 7 inç Wifi görüntülü kapı telefonu sistemi HD 1080P kapı zili kamera 500 parmak izi,,https://tr.aliexpress.com/item/4001220163239.html
https://ae01.alicdn.com/kf/S21df511988a041399173f434e5a91d16X/500x500.png,"Tuya Wifi ağ geçidi ile renkli dokunmatik ekranlı, uzaktan kontrol türlü Tuya akıllı ev aletleri, G2 Hub",,https://tr.aliexpress.com/item/1005003150168614.html
https://ae01.alicdn.com/kf/S21df511988a041399173f434e5a91d16X/500x500.png,Kablosuz 7 inç dokunmatik ekran görüntülü interkom telefon interkom sistemi dahili pil-ücretsiz kurulum olmadan video kapı zili,,https://tr.aliexpress.com/item/1005004327661931.html
https://ae01.alicdn.com/kf/S21df511988a041399173f434e5a91d16X/500x500.png,4.3 inç 433MHZ WIFI GSM ev kablosuz güvenlik hırsız alarmı sistemi kitleri monitör hareket sensörü Tuya APP IP kamera 10 dil,,https://tr.aliexpress.com/item/1005002283619145.html
https://ae01.alicdn.com/kf/S21df511988a041399173f434e5a91d16X/500x500.png,Akıllı WiFi termostat sıcaklık kontrol gaz kazanı için elektrikli yerden ısıtma nem göstergesi Google ev ile çalışır,,https://tr.aliexpress.com/item/1005003687057437.html
https://ae01.alicdn.com/kf/S21df511988a041399173f434e5a91d16X/500x500.png,TMEZON TUYA uygulaması ev interkom sistemi kablosuz WiFi akıllı IP Video kapı zili 7 inç 1080P kablolu kapı zili,,https://tr.aliexpress.com/item/1005004468490882.html
https://ae01.alicdn.com/kf/S21df511988a041399173f434e5a91d16X/500x500.png,Yeni 9 inç görüntülü kapı telefonu sistemi kablolu Video interkom Video kapı zili alaşımlı IR kamera uzaktan 1 kapı zili 2 monitör,,https://tr.aliexpress.com/item/1005001970246032.html
https://ae01.alicdn.com/kf/S21df511988a041399173f434e5a91d16X/500x500.png,1080P Tuya akıllı Video kapı zili kablosuz Video interkom kapı zili kamera ile 1080p Wifi kablosuz akıllı kapı zili kamera,,https://tr.aliexpress.com/item/1005004411527274.html
https://ae01.alicdn.com/kf/S21df511988a041399173f434e5a91d16X/500x500.png,ANJIELO kablolu görüntülü interkom ev kapı telefonu kapı zili elektrikli kilit ile 7 inç ekran monitör ev erişim kontrol sistemi,,https://tr.aliexpress.com/item/1005004350522502.html
https://ae01.alicdn.com/kf/S21df511988a041399173f434e5a91d16X/500x500.png,WiFi Tuya App kablolu kapı zili kamera uzaktan kumanda ile 7 inç interkom sistemi kayıt hareket algılama interkom,,https://tr.aliexpress.com/item/1005003251369508.html
https://ae01.alicdn.com/kf/S21df511988a041399173f434e5a91d16X/500x500.png,Tuya S8 akıllı merkezi kontrol ZigBee ağ geçidi tüm ev akıllı ev 6 inç merkezi kontrol dokunmatik akıllı akıllı ev otomasyonu,,https://tr.aliexpress.com/item/1005004187663013.html
https://ae01.alicdn.com/kf/S21df511988a041399173f434e5a91d16X/500x500.png,ANJIELO Tuya akıllı ev Multifunktionaler dokunmatik ekran kontrol paneli 4-zoll in-değnek Zentrale Steuerung für intelligente Szenen,,https://tr.aliexpress.com/item/1005004324533847.html
https://ae01.alicdn.com/kf/S21df511988a041399173f434e5a91d16X/500x500.png,SONOFF GK-200MP2-B 1080P HD Mini Wifi kamera akıllı kablosuz IP kamera 360 IR gece görüş bebek izleme monitörü gözetim kameraları,,https://tr.aliexpress.com/item/4000389989192.html
https://ae01.alicdn.com/kf/S21df511988a041399173f434e5a91d16X/500x500.png,SONOFF GK-200MP2-B 1080P HD akıllı gözetim IP kamera akıllı ev güvenlik algılama Mini kapalı WiFi kablosuz bebek izleme monitörü Alexa,,https://tr.aliexpress.com/item/1005004011793847.html
https://ae01.alicdn.com/kf/S21df511988a041399173f434e5a91d16X/500x500.png,1p 2p 18mm 63A Zigbee akıllı ev için Alexa ve Google akıllı yeniden kapanış,,https://tr.aliexpress.com/item/1005004144996777.html
https://ae01.alicdn.com/kf/S21df511988a041399173f434e5a91d16X/500x500.png,4 inç Tuya akıllı sahne merkezi kontrol paneli Wifi Zigbee Bluetooth uyumlu dokunmatik ekran anahtarı otomasyon akıllı ev,,https://tr.aliexpress.com/item/1005004359954442.html
https://ae01.alicdn.com/kf/S21df511988a041399173f434e5a91d16X/500x500.png,Ev güvenlik gözetleme kamerası çift screen önizleme 360 ° görüş açısı 4X/10X optik Zoom gece görüş ile 5W GÜNEŞ PANELI,,https://tr.aliexpress.com/item/1005004360130618.html
https://ae01.alicdn.com/kf/S21df511988a041399173f434e5a91d16X/500x500.png,V5 akıllı ev Video interkom WIFI PIR kızılötesi gece görüş açık ev güvenlik Alarm kamera 720P HD monitör kablosuz kapı zili,,https://tr.aliexpress.com/item/1005002623377697.html
https://ae01.alicdn.com/kf/S21df511988a041399173f434e5a91d16X/500x500.png,TuyaSmart kablosuz Video kapı zili su geçirmez gece görüş ev güvenlik 1080P FHD kamera dijital görsel interkom WIFI kapı zili,,https://tr.aliexpress.com/item/1005004056802829.html
https://ae01.alicdn.com/kf/S21df511988a041399173f434e5a91d16X/500x500.png,Aiwit T9 akıllı kablosuz Video kapı zili dijital görsel interkom WIFI kapı zili su geçirmez elektronik kapıcı ev güvenlik kamerası,,https://tr.aliexpress.com/item/1005004387066003.html
https://ae01.alicdn.com/kf/S21df511988a041399173f434e5a91d16X/500x500.png,Akıllı ev Video interkom WIFI kızılötesi gece görüş açık ev güvenlik Alarm kamera 480P Monito kablosuz düğme kapı zili,,https://tr.aliexpress.com/item/1005004144715827.html
https://ae01.alicdn.com/kf/S21df511988a041399173f434e5a91d16X/500x500.png,Duş başlığı su tasarrufu siyah 5 modu ayarlanabilir yüksek basınçlı duş tek anahtar durdurma su masaj eko duş banyo aksesuarları,,https://tr.aliexpress.com/item/1005003208481577.html
https://ae01.alicdn.com/kf/S21df511988a041399173f434e5a91d16X/500x500.png,Kablosuz kapı zili WiFi açık HD kamera güvenlik kapısı çan gece görüş Video interkom ses değiştirme için ev monitör kapı telefonu,,https://tr.aliexpress.com/item/1005004271963011.html
https://ae01.alicdn.com/kf/S21df511988a041399173f434e5a91d16X/500x500.png,Tuya Mini akıllı takip cihazı Bluetooth akıllı yaşam APP anahtar bulucu anahtarlık telefonları çocuk Pet anti-kayıp alarmı akıllı etiket bulucu bulucu,,https://tr.aliexpress.com/item/1005004350461765.html
https://ae01.alicdn.com/kf/S21df511988a041399173f434e5a91d16X/500x500.png,Joyroom telefon kızılötesi verici TV kutusu için klima uzaktan kumanda uygulaması akıllı telefon iPhone mikro tip-C,,https://tr.aliexpress.com/item/4001043076324.html
https://ae01.alicdn.com/kf/S21df511988a041399173f434e5a91d16X/500x500.png,Duvara monte otomatik sıvı sabunluk LED sıcaklık göstergesi USB şarj edilebilir fotoselli kızılötesi sensör köpük makinesi,,https://tr.aliexpress.com/item/1005003826777717.html
https://ae01.alicdn.com/kf/S21df511988a041399173f434e5a91d16X/500x500.png,Benexmart TUYA WiFi Dreamcolor LED RGB köşe zemin lambası kısılabilir başucu gece lambası Alexa Google ev yap akıllı ayakta ışık,,https://tr.aliexpress.com/item/1005004541618989.html
https://ae01.alicdn.com/kf/S21df511988a041399173f434e5a91d16X/500x500.png,Fechadura Eletronica akıllı kapı kilidi sürgü dijital Tuya App parmak izi Wifi anahtarsız giriş tuş takımı elektronik kilitler,,https://tr.aliexpress.com/item/1005003923329911.html
https://ae01.alicdn.com/kf/S21df511988a041399173f434e5a91d16X/500x500.png,Çift sıvı sabunluk banyo el dokunmatik sabunluk pompası duvara monte deterjan şampuanlık sıvı sabun için,,https://tr.aliexpress.com/item/4000084408540.html
https://ae01.alicdn.com/kf/S21df511988a041399173f434e5a91d16X/500x500.png,Tuya akıllı ev Zigbee topuzu Dimmer anahtarı cam Panel döner ışık anahtarı zamanlama APP uzaktan kumanda Alexa Google SmartLife,,https://tr.aliexpress.com/item/1005004358886798.html
https://ae01.alicdn.com/kf/S21df511988a041399173f434e5a91d16X/500x500.png,Akıllı WIFI IR uzaktan kumanda evrensel kızılötesi Tuya akıllı ev uzaktan kumanda TV için DVD AUD AC Alexa Google ev ile çalışır,,https://tr.aliexpress.com/item/1005003898521354.html
https://ae01.alicdn.com/kf/S21df511988a041399173f434e5a91d16X/500x500.png,Zemismart Tuya akıllı kapı kilidi silindir silindir kendi başına bin parmak izi elektronik kilit çekirdek uygulaması uzaktan kumandalı anahtar IC kart güvenlik kilidi,,https://tr.aliexpress.com/item/1005004216254556.html
https://ae01.alicdn.com/kf/S21df511988a041399173f434e5a91d16X/500x500.png,Intellithings Tuya ZigBee akıllı topuz anahtarı kablosuz sahne uzaktan kumandalı anahtar döndür basın ev otomasyon Mini düğme denetleyici,,https://tr.aliexpress.com/item/1005004104770505.html
https://ae01.alicdn.com/kf/S21df511988a041399173f434e5a91d16X/500x500.png,M531 Door Lock Stronger Motor TUYA Zigbee Smart Lock Fingerprint Smart Home Remote Control Lock Use Original Cylinder,,https://tr.aliexpress.com/item/1005002096366156.html
